지점번호,연도,시간행수,기대시간수,행누락시간,강수결측시간,실제결측시간,실제결측률,유효시간비율,연강수합(mm),시간당30mm이상횟수,최대시간강수(mm),비고
160,2018,8743,8760,17,193,210,2.4,97.6,1348.0,0,29.0,
160,2019,8734,8760,26,81,107,1.22,98.78,1470.5,0,25.5,
160,2020,8783,8784,1,60,61,0.69,99.31,1923.5,6,51.0,
160,2021,8745,8760,15,37,52,0.59,99.41,1522.5,3,44.0,
160,2022,8760,8760,0,44,44,0.5,99.5,859.5,0,26.5,
160,2023,8753,8760,7,130,137,1.56,98.44,1967.5,1,37.5,
160,2024,8767,8784,17,188,205,2.33,97.67,1510.0,3,71.0,
160,2025,8699,8760,61,176,237,2.71,97.29,1092.0,5,45.0,
296,2020,1187,1200,13,7,20,1.67,98.33,76.0,0,19.0,개시
296,2021,8760,8760,0,1,1,0.01,99.99,1551.5,3,48.5,
296,2022,8760,8760,0,71,71,0.81,99.19,885.0,2,40.5,
296,2023,8758,8760,2,43,45,0.51,99.49,1987.5,5,68.0,
296,2024,8784,8784,0,33,33,0.38,99.62,1627.0,5,53.0,
296,2025,8760,8760,0,0,0,0.0,100.0,1116.8,3,39.9,
904,2018,8743,8760,17,2,19,0.22,99.78,1631.5,1,46.5,
904,2019,8760,8760,0,43,43,0.49,99.51,1600.0,2,39.0,
904,2020,8469,8784,315,61,376,4.28,95.72,2004.5,6,54.5,
904,2021,8707,8760,53,127,180,2.05,97.95,1675.0,5,64.5,
904,2022,8760,8760,0,70,70,0.8,99.2,941.5,2,47.5,
904,2023,8760,8760,0,18,18,0.21,99.79,2090.0,4,54.0,
904,2024,8784,8784,0,79,79,0.9,99.1,1658.0,3,49.5,
904,2025,8760,8760,0,38,38,0.43,99.57,1169.0,3,43.5,
910,2018,8484,8760,276,44,320,3.65,96.35,1739.0,2,34.5,
910,2019,8744,8760,16,36,52,0.59,99.41,1657.0,1,36.0,
910,2020,8777,8784,7,127,134,1.53,98.47,2130.0,6,75.0,
910,2021,8362,8760,398,80,478,5.46,94.54,1594.0,2,54.0,
910,2022,8719,8760,41,92,133,1.52,98.48,915.0,1,32.0,
910,2023,8734,8760,26,53,79,0.9,99.1,2189.0,6,67.0,
910,2024,8667,8784,117,70,187,2.13,97.87,1931.5,4,77.0,
910,2025,8760,8760,0,139,139,1.59,98.41,1061.0,2,34.0,
921,2018,8735,8760,25,51,76,0.87,99.13,1741.5,3,49.0,
921,2019,8747,8760,13,53,66,0.75,99.25,1439.0,1,48.0,
921,2020,8757,8784,27,67,94,1.07,98.93,1932.0,4,54.0,
921,2021,8757,8760,3,51,54,0.62,99.38,1590.0,4,56.5,
921,2022,8748,8760,12,79,91,1.04,98.96,826.5,1,37.0,
921,2023,8760,8760,0,66,66,0.75,99.25,2080.5,6,57.0,
921,2024,8776,8784,8,34,42,0.48,99.52,1836.0,7,59.0,
921,2025,8690,8760,70,12,82,0.94,99.06,1131.0,2,34.0,
923,2018,8684,8760,76,40,116,1.32,98.68,1349.0,0,24.0,
923,2019,8738,8760,22,57,79,0.9,99.1,1807.0,0,29.0,
923,2020,8764,8784,20,104,124,1.41,98.59,1926.0,5,69.5,
923,2021,8748,8760,12,33,45,0.51,99.49,1784.0,3,32.5,
923,2022,8757,8760,3,58,61,0.7,99.3,1057.5,2,33.5,
923,2023,8760,8760,0,96,96,1.1,98.9,2084.0,3,37.0,
923,2024,8784,8784,0,26,26,0.3,99.7,1719.5,1,31.5,
923,2025,8760,8760,0,65,65,0.74,99.26,1216.5,1,37.0,
937,2018,8602,8760,158,1,159,1.82,98.18,1698.5,1,33.0,
937,2019,8733,8760,27,88,115,1.31,98.69,1875.0,1,34.0,
937,2020,8644,8784,140,295,435,4.95,95.05,1745.0,3,83.0,
937,2021,8753,8760,7,59,66,0.75,99.25,1830.0,3,60.0,
937,2022,8756,8760,4,136,140,1.6,98.4,1085.5,1,38.0,
937,2023,8731,8760,29,145,174,1.99,98.01,2101.0,3,68.5,
937,2024,8715,8784,69,19,88,1.0,99.0,1745.5,5,70.0,
937,2025,8760,8760,0,1,1,0.01,99.99,1226.5,1,37.5,
938,2018,8732,8760,28,7,35,0.4,99.6,1666.5,0,29.0,
938,2019,8744,8760,16,61,77,0.88,99.12,1886.5,4,37.0,
938,2020,8729,8784,55,66,121,1.38,98.62,2160.5,6,52.5,
938,2021,8760,8760,0,7,7,0.08,99.92,1758.0,3,59.0,
938,2022,8760,8760,0,50,50,0.57,99.43,973.0,3,33.5,
938,2023,8759,8760,1,98,99,1.13,98.87,2247.0,5,51.0,
938,2024,8762,8784,22,128,150,1.71,98.29,1666.0,5,65.5,
938,2025,8760,8760,0,192,192,2.19,97.81,1205.0,4,47.0,
939,2018,8735,8760,25,2,27,0.31,99.69,1718.5,1,34.5,
939,2019,8760,8760,0,137,137,1.56,98.44,1837.0,0,29.0,
939,2020,8783,8784,1,73,74,0.84,99.16,2090.5,8,43.5,
939,2021,8760,8760,0,146,146,1.67,98.33,1670.0,4,78.0,
939,2022,8752,8760,8,100,108,1.23,98.77,902.5,1,44.0,
939,2023,8753,8760,7,51,58,0.66,99.34,2203.5,4,37.5,
939,2024,8761,8784,23,16,39,0.44,99.56,1686.5,5,45.0,
939,2025,8760,8760,0,47,47,0.54,99.46,1290.0,4,46.5,
940,2018,8732,8760,28,86,114,1.3,98.7,1620.0,0,28.5,
940,2019,8758,8760,2,71,73,0.83,99.17,1555.0,1,30.5,
940,2020,8775,8784,9,204,213,2.42,97.58,2094.0,7,64.5,
940,2021,8753,8760,7,53,60,0.68,99.32,1909.2,4,59.0,
940,2022,8698,8760,62,117,179,2.04,97.96,1045.5,1,41.0,
940,2023,8760,8760,0,90,90,1.03,98.97,2127.0,3,44.5,
940,2024,8784,8784,0,12,12,0.14,99.86,1611.0,2,53.0,
940,2025,8760,8760,0,114,114,1.3,98.7,1120.5,3,46.5,
941,2018,8743,8760,17,37,54,0.62,99.38,1392.0,2,31.0,
941,2019,8755,8760,5,66,71,0.81,99.19,1470.5,2,36.5,
941,2020,8770,8784,14,14,28,0.32,99.68,1755.0,3,45.0,
941,2021,8756,8760,4,33,37,0.42,99.58,1591.0,4,71.0,
941,2022,8750,8760,10,200,210,2.4,97.6,815.5,2,46.5,
941,2023,8760,8760,0,48,48,0.55,99.45,1983.5,5,49.0,
941,2024,8784,8784,0,14,14,0.16,99.84,1614.0,3,70.0,
941,2025,8755,8760,5,16,21,0.24,99.76,1106.0,2,44.5,
942,2018,8743,8760,17,5,22,0.25,99.75,1806.5,2,41.0,
942,2019,8735,8760,25,30,55,0.63,99.37,1657.5,1,35.5,
942,2020,8770,8784,14,80,94,1.07,98.93,2270.0,7,72.5,
942,2021,8752,8760,8,41,49,0.56,99.44,1742.0,4,63.0,
942,2022,8692,8760,68,37,105,1.2,98.8,993.0,1,37.0,
942,2023,8760,8760,0,105,105,1.2,98.8,1949.5,4,56.0,
942,2024,8774,8784,10,92,102,1.16,98.84,1880.0,5,74.5,
942,2025,8757,8760,3,78,81,0.92,99.08,1175.5,3,39.5,
950,2018,8706,8760,54,59,113,1.29,98.71,1672.0,2,36.0,
950,2019,8752,8760,8,57,65,0.74,99.26,1510.0,0,28.0,
950,2020,8728,8784,56,59,115,1.31,98.69,2204.0,7,60.5,
950,2021,8723,8760,37,72,109,1.24,98.76,1692.5,4,55.0,
950,2022,8544,8760,216,128,344,3.93,96.07,977.5,2,30.5,
950,2023,8438,8760,322,91,413,4.71,95.29,1923.0,4,41.0,
950,2024,8758,8784,26,103,129,1.47,98.53,2038.5,8,100.0,
950,2025,8634,8760,126,65,191,2.18,97.82,1220.0,5,57.0,
968,2018,8741,8760,19,4,23,0.26,99.74,1492.5,1,34.0,
968,2019,8760,8760,0,30,30,0.34,99.66,1264.0,0,21.5,
968,2020,721,721,0,0,0,0.0,100.0,11.5,0,1.0,폐지
969,2018,8743,8760,17,23,40,0.46,99.54,1451.0,1,32.5,
969,2019,8699,8760,61,78,139,1.59,98.41,1184.0,1,30.0,
969,2020,4944,4993,49,28,77,1.54,98.46,1222.0,5,76.0,폐지
