sagoNo,sido,sigungu,sagoReason,sagoDate,no
20220006,인천광역시,미추홀구,,20161201,1
20180001,서울특별시,강남구,,20180301,1
20180002,서울특별시,송파구,상수관 손상,20180304,2
20180003,서울특별시,구로구,기타매설물 손상,20180311,3
20180004,서울특별시,영등포구,하수관 손상,20180313,4
20180005,서울특별시,영등포구,하수관 손상,20180327,5
20180006,서울특별시,영등포구,하수관 손상,20180328,6
20180007,서울특별시,도봉구,하수관 손상,20180425,7
20180008,서울특별시,강남구,하수관 손상,20180426,8
20180009,서울특별시,용산구,하수관 손상,20180428,9
20180010,서울특별시,구로구,기타매설공사 부실,20180624,10
20180011,서울특별시,관악구,하수관 손상,20180717,11
20180012,서울특별시,중구,상수관 손상,20180717,12
20180013,서울특별시,강남구,다짐(되메우기) 불량,20180815,13
20180014,서울특별시,종로구,하수관 손상,20180904,14
20180015,서울특별시,강북구,하수관 손상,20180904,15
20180016,서울특별시,동작구,하수관 손상,20181202,16
20180017,서울특별시,강서구,하수관 손상,20181209,17
20180018,전북특별자치도,정읍시,기타매설물 손상,20180102,18
20180019,광주광역시,광산구,하수관 손상,20180103,19
20180020,경상남도,사천시,다짐(되메우기) 불량,20180112,20
20180021,충청북도,청주시 흥덕구,하수관 손상,20180116,21
20180022,광주광역시,광산구,하수관 손상,20180122,22
20180023,광주광역시,광산구,하수관 손상,20180122,23
20180024,울산광역시,울주군,기타,20180124,24
20180025,경기도,군포시,다짐(되메우기) 불량,20180125,25
20180026,부산광역시,해운대구,하수관 손상,20180126,26
20180027,강원특별자치도,원주시,상수관 손상,20180128,27
20180028,강원특별자치도,원주시,상수관 손상,20180128,28
20180029,강원특별자치도,원주시,상수관 손상,20180131,29
20180030,강원특별자치도,원주시,상수관 손상,20180201,30
20180031,충청북도,청주시 상당구,하수관 손상,20180201,31
20180032,경기도,부천시,하수관 손상,20180206,32
20180033,경기도,부천시,하수관 손상,20180206,33
20180034,충청북도,청주시 흥덕구,하수관 손상,20180207,34
20180035,광주광역시,광산구,하수관 손상,20180209,35
20180036,경기도,부천시,하수관 손상,20180209,36
20180037,충청북도,청주시 흥덕구,하수관 손상,20180219,37
20180038,부산광역시,수영구,다짐(되메우기) 불량,20180220,38
20180039,경기도,부천시,다짐(되메우기) 불량,20180221,39
20180040,경기도,부천시,하수관 손상,20180221,40
20180041,경기도,부천시,다짐(되메우기) 불량,20180221,41
20180042,경상남도,거제시,기타매설물 손상,20180226,42
20180043,충청북도,음성군,기타매설물 손상,20180301,43
20180044,경상남도,사천시,하수관 손상,20180302,44
20180045,강원특별자치도,원주시,상수관 손상,20180304,45
20180046,경기도,부천시,기타매설물 손상,20180305,46
20180047,부산광역시,중구,기타,20180307,47
20180048,부산광역시,해운대구,하수관 손상,20180307,48
20180049,경기도,고양시 일산동구,하수관 손상,20180307,49
20180050,부산광역시,사하구,기타매설공사 부실,20180308,50
20180051,경기도,부천시,하수관 손상,20180309,51
20180052,경기도,부천시,하수관 손상,20180309,52
20180053,충청북도,청주시 청원구,상수관 손상,20180310,53
20180054,강원특별자치도,강릉시,기타,20180312,54
20180055,경상남도,사천시,다짐(되메우기) 불량,20180312,55
20180057,경기도,부천시,기타매설물 손상,20180312,56
20180058,경기도,부천시,기타매설공사 부실,20180312,57
20180059,대구광역시,남구,기타매설공사 부실,20180313,58
20180060,경기도,부천시,하수관 손상,20180313,59
20180061,경기도,부천시,다짐(되메우기) 불량,20180313,60
20180062,경기도,부천시,기타매설물 손상,20180313,61
20180063,경기도,부천시,다짐(되메우기) 불량,20180313,62
20180064,전라남도,완도군,기타,20180315,63
20180065,경기도,부천시,하수관 손상,20180315,64
20180066,경기도,부천시,다짐(되메우기) 불량,20180315,65
20180067,경상북도,포항시 북구,기타,20180316,66
20180068,부산광역시,연제구,상수관 손상,20180319,67
20180069,경기도,양주시,기타매설공사 부실,20180319,68
20180070,강원특별자치도,원주시,다짐(되메우기) 불량,20180321,69
20180071,충청북도,청주시 청원구,하수관 손상,20180322,70
20180072,전라남도,목포시,기타,20180325,71
20180073,충청북도,청주시 청원구,하수관 손상,20180326,72
20180074,전라남도,해남군,기타,20180326,73
20180075,부산광역시,사하구,기타,20180328,74
20180076,울산광역시,울주군,상수관 손상,20180328,75
20180077,강원특별자치도,원주시,다짐(되메우기) 불량,20180329,76
20180078,부산광역시,부산진구,상수관 손상,20180329,77
20180079,세종특별자치시,-,하수관 손상,20180402,78
20180080,충청북도,청주시 청원구,하수관 손상,20180402,79
20180081,전북특별자치도,전주시 완산구,하수관 손상,20180402,80
20180082,경기도,부천시,기타,20180402,81
20180083,경상북도,경주시,다짐(되메우기) 불량,20180403,82
20180084,부산광역시,사하구,상수관 손상,20180404,83
20180085,충청북도,청주시 청원구,하수관 손상,20180404,84
20180086,광주광역시,광산구,하수관 손상,20180405,85
20180087,경기도,화성시,굴착공사 부실,20180408,86
20180088,전북특별자치도,전주시 완산구,하수관 손상,20180409,87
20180089,경상남도,김해시,상수관 손상,20180409,88
20180090,부산광역시,동래구,기타,20180411,89
20180091,광주광역시,광산구,하수관 손상,20180411,90
20180092,경상남도,사천시,다짐(되메우기) 불량,20180411,91
20180093,강원특별자치도,원주시,다짐(되메우기) 불량,20180413,92
20180094,대구광역시,중구,하수관 손상,20180414,93
20180095,경기도,여주시,다짐(되메우기) 불량,20180415,94
20180096,충청북도,청주시 청원구,하수관 손상,20180417,95
20180097,대구광역시,중구,다짐(되메우기) 불량,20180418,96
20180098,충청북도,옥천군,기타매설물 손상,20180418,97
20180099,부산광역시,남구,하수관 손상,20180419,98
20180100,대전광역시,서구,상하수관공사 부실,20180419,99
20180101,충청북도,청주시 흥덕구,하수관 손상,20180419,100
20180103,경상북도,영주시,하수관 손상,20180419,101
20180104,경기도,수원시 팔달구,다짐(되메우기) 불량,20180419,102
20180105,부산광역시,연제구,상수관 손상,20180421,103
20180106,충청북도,제천시,다짐(되메우기) 불량,20180423,104
20180107,충청북도,청주시 청원구,하수관 손상,20180424,105
20180108,강원특별자치도,고성군,하수관 손상,20180427,106
20180109,광주광역시,광산구,하수관 손상,20180427,107
20180110,강원특별자치도,원주시,상수관 손상,20180430,108
20180111,인천광역시,중구,다짐(되메우기) 불량,20180430,109
20180112,부산광역시,해운대구,다짐(되메우기) 불량,20180501,110
20180113,충청북도,청주시 상당구,하수관 손상,20180501,111
20180114,전라남도,신안군,다짐(되메우기) 불량,20180501,112
20180115,충청북도,청주시 청원구,하수관 손상,20180503,113
20180116,경상북도,포항시 남구,굴착공사 부실,20180508,114
20180117,광주광역시,광산구,하수관 손상,20180509,115
20180118,광주광역시,광산구,하수관 손상,20180509,116
20180119,인천광역시,미추홀구,상수관 손상,20180509,117
20180120,경상북도,포항시 북구,다짐(되메우기) 불량,20180510,118
20180121,충청북도,청주시 청원구,하수관 손상,20180511,119
20180122,광주광역시,북구,하수관 손상,20180512,120
20180123,광주광역시,광산구,하수관 손상,20180514,121
20180124,충청북도,청주시 서원구,하수관 손상,20180514,122
20180125,충청북도,제천시,다짐(되메우기) 불량,20180514,123
20180126,경상북도,상주시,다짐(되메우기) 불량,20180515,124
20180127,경기도,용인시 처인구,하수관 손상,20180515,125
20180128,경기도,남양주시,기타매설물 손상,20180516,126
20180129,광주광역시,광산구,하수관 손상,20180517,127
20180130,광주광역시,광산구,하수관 손상,20180517,128
20180131,강원특별자치도,원주시,다짐(되메우기) 불량,20180521,129
20180132,경상북도,영주시,하수관 손상,20180521,130
20180133,광주광역시,광산구,하수관 손상,20180525,131
20180134,충청북도,청주시 흥덕구,하수관 손상,20180525,132
20180135,강원특별자치도,원주시,다짐(되메우기) 불량,20180529,133
20180136,부산광역시,동래구,기타매설물 손상,20180530,134
20180137,부산광역시,사상구,하수관 손상,20180530,135
20180138,대구광역시,수성구,기타매설물 손상,20180530,136
20180139,충청북도,청주시 상당구,하수관 손상,20180530,137
20180140,충청북도,청주시 청원구,하수관 손상,20180530,138
20180141,강원특별자치도,원주시,상수관 손상,20180531,139
20180142,충청북도,청주시 서원구,하수관 손상,20180531,140
20180143,충청북도,청주시 청원구,하수관 손상,20180601,141
20180144,인천광역시,남동구,다짐(되메우기) 불량,20180603,142
20180145,세종특별자치시,-,하수관 손상,20180604,143
20180146,경기도,부천시,하수관 손상,20180604,144
20180147,경기도,부천시,하수관 손상,20180604,145
20180148,광주광역시,광산구,하수관 손상,20180605,146
20180149,전라남도,여수시,굴착공사 부실,20180605,147
20180150,인천광역시,중구,다짐(되메우기) 불량,20180605,148
20180151,충청북도,청주시 서원구,하수관 손상,20180606,149
20180152,충청북도,청주시 서원구,하수관 손상,20180606,150
20180153,울산광역시,동구,하수관 손상,20180607,151
20180154,충청북도,청주시 서원구,하수관 손상,20180607,152
20180155,전라남도,장성군,기타,20180607,153
20180156,인천광역시,서구,다짐(되메우기) 불량,20180607,154
20180157,경기도,안양시 동안구,하수관 손상,20180607,155
20180158,부산광역시,부산진구,다짐(되메우기) 불량,20180608,156
20180159,경기도,용인시 기흥구,하수관 손상,20180608,157
20180160,충청북도,청주시 상당구,하수관 손상,20180610,158
20180161,충청북도,청주시 서원구,하수관 손상,20180611,159
20180162,경기도,부천시,기타매설물 손상,20180611,160
20180163,광주광역시,광산구,하수관 손상,20180612,161
20180164,충청북도,청주시 청원구,하수관 손상,20180612,162
20180165,경기도,수원시 팔달구,상하수관공사 부실,20180613,163
20180166,충청북도,청주시 흥덕구,하수관 손상,20180614,164
20180167,경상북도,영주시,하수관 손상,20180614,165
20180168,경기도,수원시 팔달구,하수관 손상,20180614,166
20180169,강원특별자치도,원주시,다짐(되메우기) 불량,20180615,167
20180170,인천광역시,중구,하수관 손상,20180615,168
20180171,강원특별자치도,원주시,다짐(되메우기) 불량,20180618,169
20180172,인천광역시,부평구,하수관 손상,20180618,170
20180173,경기도,남양주시,하수관 손상,20180618,171
20180174,부산광역시,연제구,다짐(되메우기) 불량,20180619,172
20180175,광주광역시,광산구,하수관 손상,20180619,173
20180176,경기도,동두천시,다짐(되메우기) 불량,20180619,174
20180177,광주광역시,광산구,하수관 손상,20180620,175
20180178,전라남도,완도군,기타매설물 손상,20180620,176
20180179,경상북도,포항시 북구,기타,20180620,177
20180180,경기도,여주시,다짐(되메우기) 불량,20180620,178
20180181,충청북도,청주시 청원구,하수관 손상,20180621,179
20180182,충청북도,충주시,기타,20180621,180
20180183,경상북도,영주시,하수관 손상,20180621,181
20180184,충청북도,충주시,기타,20180624,182
20180185,광주광역시,광산구,하수관 손상,20180625,183
20180186,충청북도,청주시 청원구,하수관 손상,20180626,184
20180187,경기도,여주시,상하수관공사 부실,20180626,185
20180188,제주특별자치도,제주시,상하수관공사 부실,20180627,186
20180189,제주특별자치도,제주시,상하수관공사 부실,20180627,187
20180190,경기도,용인시 수지구,하수관 손상,20180627,188
20180191,경기도,부천시,하수관 손상,20180628,189
20180192,경기도,안양시 동안구,하수관 손상,20180628,190
20180193,충청북도,청주시 상당구,다짐(되메우기) 불량,20180630,191
20180194,경상북도,구미시,하수관 손상,20180630,192
20180195,부산광역시,사하구,하수관 손상,20180701,193
20180196,대전광역시,서구,하수관 손상,20180701,194
20180197,강원특별자치도,원주시,다짐(되메우기) 불량,20180703,195
20180198,대전광역시,서구,상하수관공사 부실,20180703,196
20180199,인천광역시,연수구,하수관 손상,20180704,197
20180200,강원특별자치도,원주시,다짐(되메우기) 불량,20180705,198
20180201,경상남도,진주시,하수관 손상,20180706,199
20180202,충청남도,공주시,상수관 손상,20180710,200
20180203,부산광역시,동래구,기타,20180711,201
20180205,강원특별자치도,원주시,상수관 손상,20180712,202
20180206,경상북도,포항시 북구,기타,20180712,203
20180207,경상북도,포항시 북구,기타,20180712,204
20180208,전북특별자치도,정읍시,기타매설물 손상,20180713,205
20180209,광주광역시,북구,상수관 손상,20180715,206
20180210,경기도,수원시 팔달구,다짐(되메우기) 불량,20180715,207
20180211,부산광역시,연제구,다짐(되메우기) 불량,20180716,208
20180212,경기도,부천시,하수관 손상,20180716,209
20180213,인천광역시,중구,하수관 손상,20180717,210
20180214,경기도,부천시,기타매설물 손상,20180717,211
20180215,경기도,부천시,하수관 손상,20180717,212
20180216,경상북도,포항시 북구,기타,20180718,213
20180217,부산광역시,수영구,기타,20180719,214
20180218,부산광역시,연제구,다짐(되메우기) 불량,20180720,215
20180219,전라남도,영광군,다짐(되메우기) 불량,20180720,216
20180220,부산광역시,북구,다짐(되메우기) 불량,20180723,217
20180221,경상북도,청도군,기타매설공사 부실,20180723,218
20180222,경기도,부천시,하수관 손상,20180723,219
20180223,경기도,부천시,기타매설물 손상,20180723,220
20180224,대구광역시,서구,상수관 손상,20180725,221
20180225,부산광역시,남구,기타,20180726,222
20180226,경기도,부천시,다짐(되메우기) 불량,20180726,223
20180227,강원특별자치도,삼척시,기타,20180801,224
20180228,경기도,부천시,다짐(되메우기) 불량,20180801,225
20180229,부산광역시,북구,하수관 손상,20180802,226
20180230,부산광역시,부산진구,굴착공사 부실,20180806,227
20180231,강원특별자치도,원주시,상수관 손상,20180808,228
20180232,강원특별자치도,원주시,상수관 손상,20180809,229
20180233,광주광역시,광산구,하수관 손상,20180809,230
20180235,인천광역시,부평구,상수관 손상,20180810,231
20180236,경기도,구리시,상하수관공사 부실,20180811,232
20180237,광주광역시,북구,기타매설물 손상,20180812,233
20180238,경기도,부천시,기타매설공사 부실,20180812,234
20180239,경상남도,진주시,하수관 손상,20180813,235
20180240,경기도,부천시,하수관 손상,20180815,236
20180241,경기도,고양시 일산서구,하수관 손상,20180816,237
20180242,경기도,용인시 기흥구,하수관 손상,20180817,238
20180243,경상북도,상주시,기타매설물 손상,20180818,239
20180244,부산광역시,연제구,상수관 손상,20180821,240
20180245,전라남도,순천시,다짐(되메우기) 불량,20180821,241
20180246,경기도,부천시,다짐(되메우기) 불량,20180822,242
20180247,전라남도,순천시,다짐(되메우기) 불량,20180824,243
20180248,충청북도,제천시,다짐(되메우기) 불량,20180828,244
20180249,광주광역시,남구,하수관 손상,20180829,245
20180250,광주광역시,동구,하수관 손상,20180829,246
20180251,경기도,수원시 팔달구,다짐(되메우기) 불량,20180829,247
20180252,강원특별자치도,원주시,다짐(되메우기) 불량,20180831,248
20180253,충청북도,음성군,하수관 손상,20180903,249
20180254,충청북도,단양군,기타,20180903,250
20180255,경기도,고양시 일산서구,하수관 손상,20180903,251
20180256,경기도,부천시,하수관 손상,20180903,252
20180257,경기도,부천시,다짐(되메우기) 불량,20180903,253
20180258,충청북도,제천시,상수관 손상,20180904,254
20180259,충청북도,제천시,기타,20180907,255
20180260,경기도,부천시,다짐(되메우기) 불량,20180907,256
20180261,대전광역시,서구,하수관 손상,20180908,257
20180262,경상남도,창원시 의창구,하수관 손상,20180910,258
20180263,경기도,부천시,다짐(되메우기) 불량,20180910,259
20180264,강원특별자치도,원주시,상수관 손상,20180911,260
20180265,경기도,부천시,다짐(되메우기) 불량,20180911,261
20180266,경기도,부천시,하수관 손상,20180912,262
20180267,경기도,부천시,하수관 손상,20180912,263
20180268,경기도,부천시,기타,20180912,264
20180269,경기도,부천시,다짐(되메우기) 불량,20180912,265
20180270,울산광역시,남구,기타매설물 손상,20180913,266
20180271,광주광역시,광산구,하수관 손상,20180914,267
20180272,울산광역시,울주군,기타,20180914,268
20180273,경기도,부천시,다짐(되메우기) 불량,20180920,269
20180274,경기도,부천시,하수관 손상,20180920,270
20180275,경기도,여주시,상하수관공사 부실,20180921,271
20180276,경기도,부천시,다짐(되메우기) 불량,20180924,272
20180277,경기도,부천시,다짐(되메우기) 불량,20180926,273
20180279,강원특별자치도,원주시,상수관 손상,20180928,274
20180280,전라남도,장성군,기타,20181001,275
20180281,강원특별자치도,원주시,상수관 손상,20181004,276
20180282,세종특별자치시,-,하수관 손상,20181005,277
20180283,울산광역시,동구,하수관 손상,20181007,278
20180284,전북특별자치도,고창군,다짐(되메우기) 불량,20181008,279
20180285,강원특별자치도,원주시,상수관 손상,20181009,280
20180286,경기도,수원시 팔달구,다짐(되메우기) 불량,20181010,281
20180287,강원특별자치도,원주시,상수관 손상,20181012,282
20180288,경기도,부천시,다짐(되메우기) 불량,20181014,283
20180289,강원특별자치도,원주시,상수관 손상,20181015,284
20180290,경기도,광주시,하수관 손상,20181015,285
20180291,경기도,부천시,다짐(되메우기) 불량,20181019,286
20180292,경기도,부천시,다짐(되메우기) 불량,20181021,287
20180293,강원특별자치도,속초시,굴착공사 부실,20181024,288
20180294,강원특별자치도,속초시,굴착공사 부실,20181024,289
20180295,경상북도,경주시,상하수관공사 부실,20181101,290
20180296,경상북도,경주시,다짐(되메우기) 불량,20181101,291
20180297,강원특별자치도,원주시,굴착공사 부실,20181106,292
20180298,충청남도,아산시,기타,20181106,293
20180299,부산광역시,사하구,기타,20181108,294
20180301,경기도,여주시,상하수관공사 부실,20181126,295
20180302,경기도,여주시,상하수관공사 부실,20181126,296
20180303,충청북도,청주시 흥덕구,하수관 손상,20181127,297
20180304,강원특별자치도,원주시,상수관 손상,20181129,298
20180305,강원특별자치도,삼척시,기타,20181201,299
20180306,강원특별자치도,원주시,상수관 손상,20181201,300
20180307,경상북도,경주시,다짐(되메우기) 불량,20181201,301
20180308,경상북도,경주시,다짐(되메우기) 불량,20181201,302
20180309,경상북도,경주시,다짐(되메우기) 불량,20181201,303
20180310,강원특별자치도,원주시,상수관 손상,20181205,304
20180311,부산광역시,금정구,기타,20181205,305
20180312,경상남도,김해시,하수관 손상,20181206,306
20180313,강원특별자치도,고성군,기타매설공사 부실,20181210,307
20180314,부산광역시,기장군,하수관 손상,20181213,308
20180315,경상북도,경산시,굴착공사 부실,20181214,309
20180316,경기도,남양주시,하수관 손상,20181218,310
20180317,강원특별자치도,고성군,기타매설공사 부실,20181221,311
20180318,강원특별자치도,원주시,상수관 손상,20181222,312
20180319,경기도,수원시 팔달구,다짐(되메우기) 불량,20181222,313
20180320,강원특별자치도,강릉시,기타,20181231,314
20180321,강원특별자치도,강릉시,기타,20181231,315
20180322,충청남도,공주시,기타,20180711,316
20180323,광주광역시,동구,다짐(되메우기) 불량,20180303,317
20180324,광주광역시,동구,다짐(되메우기) 불량,20180409,318
20180325,광주광역시,동구,다짐(되메우기) 불량,20180511,319
20180326,제주특별자치도,제주시,기타매설물 손상,20180614,320
20180327,제주특별자치도,제주시,기타,20180706,321
20180328,충청북도,청주시 청원구,하수관 손상,20180310,322
20180329,충청북도,청주시 청원구,하수관 손상,20180322,323
20180330,충청북도,청주시 청원구,하수관 손상,20180326,324
20180331,충청북도,청주시 청원구,하수관 손상,20180402,325
20180332,충청북도,청주시 청원구,하수관 손상,20180404,326
20180333,충청북도,청주시 청원구,하수관 손상,20180417,327
20180334,충청북도,청주시 청원구,하수관 손상,20180424,328
20180335,충청북도,청주시 청원구,하수관 손상,20180503,329
20180336,충청북도,청주시 청원구,하수관 손상,20180511,330
20180337,충청북도,청주시 서원구,하수관 손상,20180514,331
20180338,충청북도,청주시 청원구,하수관 손상,20180530,332
20180339,충청북도,청주시 서원구,하수관 손상,20180531,333
20180340,충청북도,청주시 청원구,하수관 손상,20180601,334
20180341,충청북도,청주시 서원구,하수관 손상,20180607,335
20180342,충청북도,청주시 서원구,하수관 손상,20180611,336
20180343,충청북도,청주시 청원구,하수관 손상,20180612,337
20180344,충청북도,청주시 청원구,하수관 손상,20180626,338
20190001,서울특별시,강서구,하수관 손상,20190424,1
20190002,경상남도,김해시,기타,20190102,2
20190005,인천광역시,부평구,기타,20190118,3
20190006,광주광역시,광산구,하수관 손상,20190124,4
20190008,세종특별자치시,-,굴착공사 부실,20190131,5
20190009,전라남도,해남군,기타,20190201,6
20190010,전라남도,해남군,기타,20190201,7
20190011,인천광역시,부평구,기타,20190206,8
20190012,인천광역시,부평구,기타,20190208,9
20190013,경기도,고양시 덕양구,하수관 손상,20190212,10
20190014,경기도,부천시,다짐(되메우기) 불량,20190213,11
20190015,경상남도,양산시,기타,20190306,12
20190016,경상남도,양산시,기타,20190306,13
20190017,경상남도,양산시,기타,20190306,14
20190018,경상남도,양산시,기타,20190306,15
20190019,경상남도,양산시,기타,20190306,16
20190020,경상남도,양산시,기타,20190306,17
20190021,경상남도,양산시,기타,20190307,18
20190022,경상남도,양산시,기타,20190312,19
20190023,광주광역시,남구,다짐(되메우기) 불량,20190315,20
20190024,경상남도,양산시,기타,20190315,21
20190025,경기도,화성시,굴착공사 부실,20190315,22
20190026,경기도,화성시,다짐(되메우기) 불량,20190318,23
20190027,광주광역시,광산구,하수관 손상,20190320,24
20190029,부산광역시,사하구,기타,20190321,25
20190030,경기도,부천시,다짐(되메우기) 불량,20190321,26
20190031,경상남도,거제시,기타매설물 손상,20190328,27
20190032,경상남도,양산시,기타,20190328,28
20190033,경상남도,양산시,기타,20190328,29
20190034,경상남도,양산시,기타,20190328,30
20190035,부산광역시,동래구,하수관 손상,20190403,31
20190036,경상남도,양산시,기타,20190403,32
20190037,경상남도,양산시,기타,20190404,33
20190038,광주광역시,광산구,하수관 손상,20190405,34
20190039,경상남도,김해시,기타,20190405,35
20190040,충청남도,당진시,기타매설물 손상,20190406,36
20190041,경상남도,양산시,기타,20190408,37
20190042,경기도,부천시,다짐(되메우기) 불량,20190410,38
20190043,경기도,남양주시,다짐(되메우기) 불량,20190410,39
20190044,부산광역시,동래구,하수관 손상,20190411,40
20190045,대전광역시,서구,하수관 손상,20190412,41
20190046,경상남도,양산시,기타,20190415,42
20190047,경상남도,양산시,기타,20190415,43
20190048,충청북도,청주시 상당구,하수관 손상,20190416,44
20190049,경상남도,양산시,기타,20190416,45
20190050,경상남도,양산시,기타,20190416,46
20190051,광주광역시,광산구,하수관 손상,20190418,47
20190052,부산광역시,강서구,기타,20190422,48
20190053,경기도,화성시,다짐(되메우기) 불량,20190422,49
20190054,부산광역시,동래구,하수관 손상,20190423,50
20190055,경상남도,김해시,하수관 손상,20190424,51
20190057,경기도,부천시,다짐(되메우기) 불량,20190502,52
20190058,경기도,고양시 덕양구,하수관 손상,20190503,53
20190059,경기도,부천시,기타매설물 손상,20190503,54
20190060,충청북도,청주시 청원구,하수관 손상,20190507,55
20190061,경기도,고양시 덕양구,하수관 손상,20190508,56
20190062,경기도,고양시 덕양구,하수관 손상,20190510,57
20190063,부산광역시,사하구,기타매설물 손상,20190511,58
20190064,대전광역시,대덕구,하수관 손상,20190511,59
20190065,부산광역시,동래구,하수관 손상,20190513,60
20190067,경기도,고양시 일산서구,하수관 손상,20190514,61
20190070,울산광역시,울주군,하수관 손상,20190519,62
20190071,인천광역시,중구,다짐(되메우기) 불량,20190520,63
20190072,대전광역시,동구,상수관 손상,20190522,64
20190073,대전광역시,중구,하수관 손상,20190522,65
20190074,경기도,부천시,다짐(되메우기) 불량,20190522,66
20190075,경기도,고양시 일산동구,하수관 손상,20190523,67
20190076,경기도,고양시 일산서구,하수관 손상,20190523,68
20190077,대구광역시,달서구,상수관 손상,20190524,69
20190078,대전광역시,대덕구,하수관 손상,20190526,70
20190079,대전광역시,서구,하수관 손상,20190527,71
20190080,경상남도,김해시,하수관 손상,20190527,72
20190082,광주광역시,동구,다짐(되메우기) 불량,20190530,73
20190083,강원특별자치도,속초시,하수관 손상,20190531,74
20190084,경상남도,양산시,기타,20190531,75
20190086,광주광역시,광산구,하수관 손상,20190604,76
20190087,경상남도,양산시,기타,20190604,77
20190088,경상남도,진주시,하수관 손상,20190604,78
20190089,대전광역시,동구,하수관 손상,20190605,79
20190090,경기도,고양시 덕양구,하수관 손상,20190605,80
20190091,경기도,부천시,하수관 손상,20190605,81
20190092,강원특별자치도,강릉시,하수관 손상,20190607,82
20190094,대전광역시,유성구,하수관 손상,20190608,83
20190096,경상남도,양산시,기타,20190611,84
20190097,경기도,고양시 일산서구,하수관 손상,20190611,85
20190099,광주광역시,광산구,하수관 손상,20190612,86
20190102,광주광역시,광산구,하수관 손상,20190614,87
20190103,광주광역시,서구,하수관 손상,20190614,88
20190104,경기도,부천시,다짐(되메우기) 불량,20190614,89
20190108,경상남도,진주시,하수관 손상,20190616,90
20190109,대구광역시,수성구,하수관 손상,20190617,91
20190112,부산광역시,해운대구,기타매설공사 부실,20190620,92
20190115,광주광역시,동구,하수관 손상,20190620,93
20190117,부산광역시,동래구,하수관 손상,20190622,94
20190118,경기도,화성시,기타,20190622,95
20190119,경기도,의왕시,다짐(되메우기) 불량,20190623,96
20190121,충청북도,청주시 상당구,하수관 손상,20190624,97
20190122,충청북도,청주시 상당구,하수관 손상,20190625,98
20190123,경상남도,창원시 진해구,기타매설공사 부실,20190625,99
20190124,인천광역시,계양구,하수관 손상,20190625,100
20190125,경기도,부천시,하수관 손상,20190625,101
20190126,경기도,부천시,다짐(되메우기) 불량,20190625,102
20190127,부산광역시,영도구,상수관 손상,20190627,103
20190128,경기도,남양주시,기타매설물 손상,20190627,104
20190129,전라남도,완도군,다짐(되메우기) 불량,20190629,105
20190130,경기도,부천시,,20190629,106
20190131,경기도,하남시,다짐(되메우기) 불량,20190629,107
20190133,제주특별자치도,제주시,하수관 손상,20191105,108
20190134,제주특별자치도,제주시,하수관 손상,20191107,109
20190135,대전광역시,유성구,하수관 손상,20190717,110
20190136,대전광역시,서구,,20190718,111
20190137,대전광역시,서구,하수관 손상,20190719,112
20190138,대전광역시,중구,하수관 손상,20190724,113
20190139,대전광역시,동구,하수관 손상,20190812,114
20190140,대전광역시,서구,하수관 손상,20190814,115
20190141,대전광역시,동구,기타매설물 손상,20190828,116
20190142,대전광역시,서구,하수관 손상,20190830,117
20190143,대전광역시,중구,하수관 손상,20190916,118
20190144,대전광역시,동구,기타매설물 손상,20191010,119
20190145,대전광역시,중구,하수관 손상,20191014,120
20190146,대전광역시,중구,하수관 손상,20191024,121
20190147,부산광역시,북구,하수관 손상,20190707,122
20190148,부산광역시,남구,하수관 손상,20190711,123
20190149,부산광역시,금정구,상하수관공사 부실,20190804,124
20190150,부산광역시,사상구,하수관 손상,20190810,125
20190151,부산광역시,서구,기타,20190814,126
20190152,강원특별자치도,원주시,하수관 손상,20190707,127
20190153,강원특별자치도,원주시,다짐(되메우기) 불량,20190729,128
20190154,강원특별자치도,강릉시,상수관 손상,20191129,129
20190155,경기도,부천시,상수관 손상,20190701,130
20190156,경기도,부천시,하수관 손상,20190701,131
20190157,경기도,안양시 만안구,하수관 손상,20190701,132
20190158,경기도,의왕시,기타매설공사 부실,20190701,133
20190159,경기도,고양시 덕양구,하수관 손상,20190702,134
20190160,경기도,고양시 일산동구,하수관 손상,20190703,135
20190161,경기도,구리시,하수관 손상,20190704,136
20190162,경기도,의왕시,기타매설공사 부실,20190715,137
20190163,경기도,고양시 덕양구,하수관 손상,20190722,138
20190164,경기도,의왕시,기타매설공사 부실,20190724,139
20190165,경기도,구리시,하수관 손상,20190725,140
20190166,경기도,부천시,,20190813,141
20190167,경기도,고양시 덕양구,하수관 손상,20190822,142
20190168,경기도,의정부시,하수관 손상,20190911,143
20190169,경기도,고양시 일산서구,하수관 손상,20190926,144
20190170,경기도,의왕시,상하수관공사 부실,20191001,145
20190171,경기도,양주시,기타매설공사 부실,20191017,146
20190172,경기도,양주시,기타매설공사 부실,20191017,147
20190173,경기도,부천시,하수관 손상,20191018,148
20190174,경기도,안양시 만안구,하수관 손상,20191104,149
20190175,경기도,동두천시,다짐(되메우기) 불량,20191115,150
20190176,경기도,고양시 덕양구,굴착공사 부실,20191221,151
20190177,경기도,수원시,하수관 손상,20191225,152
20190178,경기도,부천시,상수관 손상,20191226,153
20190179,경기도,이천시,기타매설물 손상,20191226,154
20190180,경상남도,김해시,다짐(되메우기) 불량,20190630,155
20190181,경상남도,창원시 의창구,하수관 손상,20190819,156
20190182,경상북도,포항시 남구,하수관 손상,20191003,157
20190183,광주광역시,남구,하수관 손상,20190725,158
20190184,광주광역시,광산구,하수관 손상,20190731,159
20190185,광주광역시,광산구,하수관 손상,20190805,160
20190186,광주광역시,서구,하수관 손상,20190828,161
20190187,광주광역시,광산구,하수관 손상,20191002,162
20190188,광주광역시,광산구,하수관 손상,20191011,163
20190189,광주광역시,광산구,하수관 손상,20191014,164
20190190,광주광역시,광산구,하수관 손상,20191015,165
20190191,광주광역시,광산구,하수관 손상,20191119,166
20190192,대구광역시,달성군,다짐(되메우기) 불량,20190915,167
20190193,서울특별시,강서구,굴착공사 부실,20190726,168
20190194,서울특별시,중구,,20190801,169
20190195,서울특별시,성동구,굴착공사 부실,20190804,170
20190196,서울특별시,성동구,상수관 손상,20190806,171
20190197,서울특별시,성동구,하수관 손상,20190812,172
20190198,서울특별시,영등포구,굴착공사 부실,20190905,173
20190199,서울특별시,서초구,하수관 손상,20190909,174
20190200,서울특별시,동작구,다짐(되메우기) 불량,20190910,175
20190201,서울특별시,영등포구,다짐(되메우기) 불량,20190915,176
20190202,서울특별시,종로구,상수관 손상,20190920,177
20190203,서울특별시,강서구,굴착공사 부실,20191125,178
20190204,서울특별시,영등포구,굴착공사 부실,20191222,179
20190205,인천광역시,서구,하수관 손상,20190719,180
20190206,인천광역시,계양구,기타,20190829,181
20190207,인천광역시,남동구,하수관 손상,20191216,182
20190208,전라남도,신안군,기타,20190926,183
20190209,전라남도,신안군,기타,20191107,184
20190210,전북특별자치도,군산시,하수관 손상,20190731,185
20190211,전북특별자치도,군산시,하수관 손상,20190802,186
20190212,전북특별자치도,군산시,하수관 손상,20190927,187
20190213,전북특별자치도,군산시,하수관 손상,20191009,188
20190214,전북특별자치도,군산시,하수관 손상,20191012,189
20190215,전북특별자치도,정읍시,상하수관공사 부실,20191103,190
20190216,충청북도,청주시 흥덕구,굴착공사 부실,20191018,191
20190217,충청북도,청주시 서원구,하수관 손상,20191203,192
20190218,충청남도,당진시,굴착공사 부실,20190104,193
20200003,강원특별자치도,원주시,하수관 손상,20200512,1
20200005,강원특별자치도,강릉시,상수관 손상,20200501,2
20200006,강원특별자치도,강릉시,,20200421,3
20200007,강원특별자치도,강릉시,,20200504,4
20200008,강원특별자치도,강릉시,,20200525,5
20200009,강원특별자치도,강릉시,,20200526,6
20200010,강원특별자치도,강릉시,,20200610,7
20200011,강원특별자치도,강릉시,,20200617,8
20200012,강원특별자치도,강릉시,,20200619,9
20200013,강원특별자치도,삼척시,,20200527,10
20200014,경기도,구리시,,20200221,11
20200015,경기도,구리시,,20200616,12
20200016,경기도,과천시,,20200303,13
20200017,경기도,과천시,,20200506,14
20200018,경기도,과천시,,20200630,15
20200019,경기도,화성시,,20200211,16
20200020,경기도,화성시,,20200318,17
20200021,경기도,화성시,,20200320,18
20200022,경기도,화성시,,20200425,19
20200023,경기도,화성시,,20200525,20
20200024,경기도,화성시,,20200604,21
20200025,경기도,부천시,,20200414,22
20200026,경기도,의왕시,,20200130,23
20200027,경기도,의왕시,,20200211,24
20200028,경기도,의왕시,,20200309,25
20200029,경기도,의왕시,,20200326,26
20200030,경상남도,양산시,,20200228,27
20200031,경상북도,포항시 남구,,20200214,28
20200032,경상북도,경주시,,20200110,29
20200033,경상북도,경주시,,20200215,30
20200034,경상북도,경주시,,20200228,31
20200035,광주광역시,동구,,20200104,32
20200036,광주광역시,동구,,20200330,33
20200037,광주광역시,동구,,20200616,34
20200038,광주광역시,서구,,20200123,35
20200039,광주광역시,서구,,20200426,36
20200040,광주광역시,서구,,20200611,37
20200041,광주광역시,서구,,20200615,38
20200042,광주광역시,서구,,20200616,39
20200043,광주광역시,서구,,20200623,40
20200044,광주광역시,광산구,,20200107,41
20200045,광주광역시,광산구,,20200120,42
20200046,광주광역시,광산구,,20200130,43
20200047,광주광역시,광산구,,20200622,44
20200048,대구광역시,달성군,,20200524,45
20200049,대전광역시,서구,,20200401,46
20200050,대전광역시,서구,,20200416,47
20200051,대전광역시,동구,,20200420,48
20200052,대전광역시,서구,,20200429,49
20200053,대전광역시,유성구,,20200504,50
20200054,대전광역시,중구,,20200508,51
20200055,대전광역시,중구,,20200515,52
20200056,대전광역시,중구,,20200521,53
20200057,대전광역시,중구,,20200618,54
20200058,대전광역시,대덕구,,20200625,55
20200059,대전광역시,서구,,20200625,56
20200060,대전광역시,유성구,,20200416,57
20200061,대전광역시,유성구,,20200612,58
20200062,대전광역시,서구,,20200325,59
20200063,대전광역시,서구,,20200416,60
20200064,부산광역시,강서구,,20200603,61
20200065,부산광역시,강서구,,20200229,62
20200066,부산광역시,사하구,,20200313,63
20200067,부산광역시,사상구,,20200428,64
20200068,부산광역시,영도구,,20200506,65
20200069,부산광역시,북구,,20200509,66
20200070,부산광역시,남구,,20200520,67
20200071,부산광역시,남구,,20200622,68
20200072,부산광역시,서구,,20200626,69
20200073,서울특별시,송파구,,20200108,70
20200074,서울특별시,강동구,,20200222,71
20200075,서울특별시,강서구,,20200302,72
20200076,서울특별시,강남구,,20200311,73
20200077,서울특별시,송파구,,20200515,74
20200078,서울특별시,성북구,,20200522,75
20200079,세종특별자치시,,,20200515,76
20200080,울산광역시,울주군,,20200608,77
20200081,인천광역시,계양구,,20200218,78
20200082,인천광역시,계양구,,20200218,79
20200083,인천광역시,중구,,20200310,80
20200084,인천광역시,남동구,,20200528,81
20200085,인천광역시,계양구,,20200627,82
20200086,전북특별자치도,전주시 완산구,,20200220,83
20200087,전북특별자치도,고창군,,20200608,84
20200088,충청남도,보령시,,20200618,85
20200089,충청북도,청주시 흥덕구,,20200311,86
20200090,충청북도,청주시 흥덕구,,20200508,87
20200091,충청북도,청주시 흥덕구,,20200601,88
20200092,충청북도,청주시 흥덕구,,20200601,89
20200093,충청북도,음성군,,20200629,90
20200094,부산광역시,사상구,,20200318,91
20200095,인천광역시,서구,,20200809,92
20200096,인천광역시,서구,,20200826,93
20200098,경상북도,경주시,,20200721,94
20200099,충청남도,보령시,,20200811,95
20200100,서울특별시,금천구,,20200915,96
20200101,강원특별자치도,홍천군,,20200813,97
20200102,서울특별시,성동구,,20201022,98
20200103,강원특별자치도,속초시,,20200826,99
20200104,강원특별자치도,강릉시,,20200806,100
20200105,강원특별자치도,강릉시,,20200809,101
20200106,강원특별자치도,강릉시,,20200810,102
20200107,전북특별자치도,정읍시,,20200810,103
20200108,대전광역시,중구,,20200706,104
20200109,대전광역시,중구,,20200730,105
20200110,충청북도,청주시 흥덕구,,20200812,106
20200111,충청북도,청주시 흥덕구,,20200814,107
20200112,충청북도,청주시 흥덕구,,20200819,108
20200113,충청북도,청주시 흥덕구,,20200827,109
20200114,충청북도,청주시 흥덕구,,20200828,110
20200115,충청북도,청주시 청원구,,20200716,111
20200116,충청북도,청주시 청원구,,20200805,112
20200117,충청북도,청주시 청원구,,20200811,113
20200118,충청북도,청주시 서원구,,20200727,114
20200119,충청북도,청주시 서원구,,20200813,115
20200120,충청북도,청주시 서원구,,20200813,116
20200121,충청북도,청주시 서원구,,20200826,117
20200122,충청북도,청주시 서원구,,20200831,118
20200123,충청북도,청주시 청원구,,20200804,119
20200124,대전광역시,중구,,20200825,120
20200125,강원특별자치도,영월군,,20200802,121
20200126,경기도,시흥시,,20200831,122
20200127,경상남도,김해시,,20200829,123
20200128,경상남도,김해시,,20201125,124
20200129,경기도,포천시,,20200804,125
20200130,경기도,고양시 일산서구,,20200716,126
20200131,경기도,하남시,,20200728,127
20200132,경기도,하남시,,20200810,128
20200133,경기도,하남시,,20200813,129
20200134,경기도,고양시 일산서구,,20200814,130
20200135,경기도,고양시 일산서구,,20200814,131
20200136,경기도,구리시,,20200826,132
20200137,경기도,고양시 일산동구,,20200824,133
20200138,강원특별자치도,양구군,,20200730,134
20200139,경기도,화성시,,20200727,135
20200140,경기도,화성시,,20200804,136
20200141,경기도,화성시,,20200811,137
20200142,부산광역시,연제구,,20201005,138
20200143,경기도,화성시,,20200902,139
20200144,경기도,화성시,,20201007,140
20200145,경기도,화성시,,20201106,141
20200146,경기도,파주시,,20200804,142
20200147,경기도,남양주시,,20200822,143
20200148,전라남도,여수시,,20200821,144
20200150,충청남도,아산시,,20200804,145
20200151,강원특별자치도,춘천시,,20200819,146
20200152,충청북도,충주시,,20200803,147
20200153,충청남도,부여군,,20200902,148
20200154,경기도,수원시 영통구,,20200826,149
20200155,경기도,과천시,,20200810,150
20200156,경기도,과천시,,20200812,151
20200157,경기도,과천시,,20200925,152
20200158,전라남도,화순군,,20200716,153
20200159,전라남도,화순군,,20200809,154
20200160,경기도,용인시 처인구,,20200803,155
20200161,경기도,용인시 처인구,,20200809,156
20200162,전북특별자치도,임실군,,20200812,157
20200166,강원특별자치도,영월군,,20200807,158
20200167,경기도,의왕시,,20200730,159
20200168,경기도,의왕시,,20200901,160
20200169,경기도,의왕시,,20200922,161
20200170,강원특별자치도,춘천시,,20200807,162
20200171,강원특별자치도,춘천시,,20200820,163
20200172,강원특별자치도,춘천시,,20200822,164
20200173,강원특별자치도,춘천시,,20200825,165
20200174,강원특별자치도,춘천시,,20200921,166
20200175,강원특별자치도,춘천시,,20200924,167
20200176,강원특별자치도,춘천시,,20201119,168
20200177,부산광역시,중구,,20200730,169
20200178,강원특별자치도,양구군,,20200821,170
20200179,강원특별자치도,양구군,,20200821,171
20200180,강원특별자치도,양구군,,20200821,172
20200181,강원특별자치도,양구군,,20201207,173
20200182,광주광역시,남구,,20200805,174
20200183,광주광역시,남구,,20200809,175
20200184,광주광역시,남구,,20200812,176
20200185,광주광역시,남구,,20200813,177
20200186,광주광역시,남구,,20200820,178
20200187,경기도,군포시,,20200710,179
20200188,경상북도,울진군,,20200723,180
20200189,충청남도,공주시,,20200901,181
20200190,대구광역시,달성군,,20200731,182
20200192,부산광역시,금정구,,20200809,183
20200193,부산광역시,금정구,,20200819,184
20200194,부산광역시,금정구,,20200828,185
20200199,인천광역시,연수구,,20200809,186
20200200,인천광역시,연수구,,20200811,187
20200201,전라남도,보성군,,20200725,188
20200202,전라남도,보성군,,20200825,189
20200203,전라남도,보성군,,20200825,190
20200204,전라남도,보성군,,20200820,191
20200205,서울특별시,송파구,,20200810,192
20200206,서울특별시,강남구,,20200803,193
20200207,인천광역시,남동구,,20200722,194
20200208,인천광역시,남동구,,20200723,195
20200209,인천광역시,남동구,,20200810,196
20200210,서울특별시,구로구,,20200819,197
20200211,서울특별시,강북구,,20200803,198
20200212,대전광역시,동구,,20200903,199
20200213,대전광역시,서구,,20200911,200
20200214,서울특별시,영등포구,,20200812,201
20200215,인천광역시,서구,,20200729,202
20200216,인천광역시,서구,,20200803,203
20200217,인천광역시,서구,,20200810,204
20200218,인천광역시,서구,,20200811,205
20200219,인천광역시,서구,,20200813,206
20200220,인천광역시,서구,,20200813,207
20200221,인천광역시,서구,,20200815,208
20200222,인천광역시,서구,,20200811,209
20200224,경상북도,포항시 남구,,20200723,210
20200225,경상북도,포항시 남구,,20200727,211
20200232,충청북도,음성군,,20200803,212
20200233,전북특별자치도,군산시,,20200915,213
20200234,충청북도,음성군,,20200806,214
20200235,충청북도,음성군,,20200810,215
20200236,부산광역시,부산진구,,20200706,216
20200237,부산광역시,부산진구,,20200711,217
20200238,부산광역시,부산진구,,20200724,218
20200239,부산광역시,부산진구,,20200729,219
20200240,경기도,의정부시,,20200824,220
20200242,부산광역시,기장군,,20200725,221
20200246,전북특별자치도,고창군,,20200808,222
20200247,광주광역시,북구,,20200720,223
20200249,광주광역시,북구,,20200821,224
20200250,광주광역시,북구,,20200810,225
20200251,경기도,평택시,,20200706,226
20200252,경기도,부천시,,20200820,227
20200254,광주광역시,동구,,20200808,228
20200255,광주광역시,동구,,20200808,229
20200256,광주광역시,동구,,20200808,230
20200257,광주광역시,동구,,20200810,231
20200258,광주광역시,동구,,20200811,232
20200259,광주광역시,동구,,20200811,233
20200264,경상북도,영주시,,20200802,234
20200265,경상북도,영주시,,20200812,235
20200266,경상북도,경산시,,20200809,236
20200267,충청북도,음성군,,20200730,237
20200268,경상북도,포항시 남구,,20200812,238
20200269,부산광역시,기장군,,20200724,239
20200270,경상북도,포항시 남구,,20200728,240
20200271,경상북도,포항시 남구,,20200810,241
20200273,광주광역시,북구,,20200814,242
20200274,광주광역시,북구,,20200816,243
20200275,광주광역시,북구,,20200818,244
20200276,광주광역시,북구,,20200819,245
20200277,광주광역시,북구,,20200821,246
20200278,광주광역시,북구,,20200901,247
20200279,울산광역시,동구,,20200808,248
20200280,광주광역시,광산구,,20200811,249
20200281,광주광역시,광산구,,20200828,250
20200282,광주광역시,광산구,,20201129,251
20200283,광주광역시,서구,,20200807,252
20200284,광주광역시,동구,,20200808,253
20200285,광주광역시,동구,,20200811,254
20200286,광주광역시,동구,,20200812,255
20200287,세종특별자치시,세종특별자치시,,20200907,256
20200289,광주광역시,북구,,20200819,257
20200290,광주광역시,동구,,20200903,258
20200291,광주광역시,서구,,20200808,259
20200292,광주광역시,서구,,20200807,260
20200293,광주광역시,서구,,20200807,261
20200295,광주광역시,서구,,20200810,262
20200298,광주광역시,서구,,20200807,263
20200299,광주광역시,서구,,20200810,264
20200300,광주광역시,서구,,20201026,265
20200301,광주광역시,서구,,20201128,266
20200302,경상남도,창원시 마산합포구,,20200803,267
20200303,경상남도,창원시 마산합포구,,20200803,268
20200304,서울특별시,마포구,,20200818,269
20200305,서울특별시,마포구,,20200724,270
20200306,광주광역시,광산구,,20200811,271
20200307,광주광역시,광산구,,20200826,272
20200308,광주광역시,광산구,,20200811,273
20200309,전북특별자치도,순창군,,20200809,274
20200310,광주광역시,광산구,,20200821,275
20200311,부산광역시,동래구,,20200812,276
20200312,부산광역시,남구,,20200728,277
20200313,부산광역시,동구,,20200723,278
20200314,부산광역시,동구,,20200723,279
20200315,부산광역시,동구,,20200723,280
20200316,부산광역시,남구,,20200715,281
20200317,부산광역시,남구,,20200711,282
20200318,부산광역시,동래구,,20200707,283
20200319,광주광역시,광산구,,20200816,284
20210001,경기도,포천시,,20210222,1
20210002,부산광역시,사하구,,20210315,2
20210003,서울특별시,강남구,,20210330,3
20210004,서울특별시,송파구,,20210331,4
20210005,서울특별시,강남구,,20210309,5
20210006,서울특별시,송파구,,20210407,6
20210007,경기도,용인시 수지구,,20210419,7
20210008,경기도,구리시,,20210419,8
20210009,부산광역시,사하구,,20210422,9
20210010,서울특별시,강남구,,20210608,10
20210011,인천광역시,부평구,,20210609,11
20210012,부산광역시,사하구,,20210617,12
20210014,경상남도,양산시,,20210706,13
20210015,경기도,과천시,,20210629,14
20210016,충청북도,청주시 서원구,,20210628,15
20210017,충청북도,청주시 서원구,,20210617,16
20210018,충청남도,보령시,,20210330,17
20210019,부산광역시,서구,,20210614,18
20210020,경기도,화성시,,20210301,19
20210021,경기도,화성시,,20210330,20
20210022,경기도,화성시,,20210407,21
20210023,경기도,화성시,,20210522,22
20210024,경기도,화성시,,20210524,23
20210025,전북특별자치도,익산시,,20210219,24
20210026,전북특별자치도,익산시,,20210326,25
20210029,전북특별자치도,익산시,,20210520,26
20210030,전북특별자치도,익산시,,20210520,27
20210031,전북특별자치도,익산시,,20210525,28
20210032,경기도,시흥시,,20210408,29
20210033,대전광역시,중구,,20210613,30
20210035,강원특별자치도,강릉시,,20210505,31
20210036,강원특별자치도,강릉시,,20210608,32
20210037,경상남도,양산시,,20210708,33
20210038,부산광역시,남구,,20210513,34
20210041,대전광역시,동구,,20210430,35
20210042,강원특별자치도,강릉시,,20210708,36
20210043,대전광역시,서구,,20210331,37
20210044,대전광역시,서구,,20210513,38
20210045,대전광역시,서구,,20210611,39
20210048,경기도,용인시 수지구,,20210724,40
20210050,부산광역시,사상구,,20210610,41
20210051,부산광역시,북구,,20210518,42
20210052,서울특별시,중구,,20210805,43
20210055,서울특별시,강동구,,20210704,44
20210056,대구광역시,동구,,20210811,45
20210057,충청남도,공주시,,20210715,46
20210059,서울특별시,성북구,,20210727,47
20210063,부산광역시,금정구,,20210818,48
20210066,부산광역시,사상구,,20210824,49
20210067,서울특별시,성북구,,20210825,50
20210068,경상북도,포항시 남구,,20210401,51
20210069,경상북도,포항시 남구,,20210401,52
20210072,경상북도,포항시 남구,,20210402,53
20210073,경상북도,포항시 남구,,20210402,54
20210075,경상북도,포항시 남구,,20210402,55
20210076,경상북도,포항시 남구,,20210402,56
20210077,경상북도,포항시 남구,,20210402,57
20210078,경상북도,포항시 남구,,20210402,58
20210079,경상북도,포항시 남구,,20210402,59
20210081,서울특별시,성북구,,20210821,60
20210082,강원특별자치도,춘천시,,20210630,61
20210084,강원특별자치도,삼척시,,20210428,62
20210085,경기도,의왕시,,20210303,63
20210086,경기도,의왕시,,20210318,64
20210087,경기도,의왕시,,20210318,65
20210091,광주광역시,동구,,20210319,66
20210092,광주광역시,동구,,20210521,67
20210093,광주광역시,동구,,20210612,68
20210094,광주광역시,서구,,20210521,69
20210095,광주광역시,서구,,20210522,70
20210096,광주광역시,서구,,20210621,71
20210097,광주광역시,북구,,20210629,72
20210098,광주광역시,광산구,,20210429,73
20210099,광주광역시,광산구,,20210511,74
20210100,광주광역시,동구,,20210607,75
20210101,부산광역시,연제구,,20210506,76
20210102,부산광역시,연제구,,20210308,77
20210103,부산광역시,연제구,,20210614,78
20210104,경기도,안산시 상록구,,20210113,79
20210105,경기도,이천시,,20210303,80
20210106,경기도,이천시,,20210525,81
20210107,경기도,이천시,,20210630,82
20210108,경기도,이천시,,20210503,83
20210109,경기도,이천시,,20210606,84
20210110,경상북도,포항시 북구,,20210302,85
20210111,경상북도,포항시 북구,,20210326,86
20210112,경상북도,영주시,,20210101,87
20210113,전라남도,함평군,,20210111,88
20210114,전라남도,함평군,,20210112,89
20210115,전라남도,여수시,,20210201,90
20210116,전라남도,여수시,,20210201,91
20210117,전라남도,여수시,,20210401,92
20210118,전라남도,목포시,,20210616,93
20210122,서울특별시,강서구,,20210904,94
20210123,울산광역시,동구,,20210209,95
20210124,울산광역시,중구,,20210601,96
20210125,울산광역시,동구,,20210326,97
20210126,충청남도,당진시,,20210901,98
20210129,경기도,평택시,,20210723,99
20210132,경기도,평택시,,20210902,100
20210137,경기도,시흥시,,20211004,101
20210138,울산광역시,울주군,,20211014,102
20210142,경기도,김포시,,20211018,103
20210143,경기도,고양시 일산동구,,20211230,104
20210144,경기도,하남시,,20210712,105
20210146,부산광역시,사하구,,20210824,106
20210147,경기도,부천시,,20210711,107
20210148,충청남도,보령시,,20210715,108
20210152,부산광역시,북구,,20211006,109
20210153,부산광역시,북구,,20210824,110
20210154,광주광역시,동구,,20210706,111
20210155,경기도,의정부시,,20210714,112
20210157,경기도,의정부시,,20210813,113
20210160,경상남도,하동군,,20210908,114
20210161,대전광역시,유성구,,20210817,115
20210162,전북특별자치도,익산시,,20210701,116
20210163,전북특별자치도,익산시,,20210709,117
20210164,전북특별자치도,익산시,,20210723,118
20210165,전북특별자치도,익산시,,20210811,119
20210166,전북특별자치도,익산시,,20210917,120
20210167,경상남도,창원시 의창구,,20211201,121
20210168,대전광역시,서구,,20210718,122
20210169,대전광역시,서구,,20210724,123
20210170,부산광역시,동래구,,20210806,124
20210171,부산광역시,서구,,20211115,125
20210172,경기도,김포시,,20210904,126
20210173,경기도,김포시,,20210922,127
20210174,경기도,김포시,,20211104,128
20210175,충청남도,홍성군,,20211101,129
20210176,경상남도,진주시,,20211116,130
20210177,광주광역시,서구,,20210830,131
20210178,전라남도,여수시,,20210811,132
20210179,전북특별자치도,군산시,,20210715,133
20210180,전북특별자치도,순창군,,20210706,134
20210181,경기도,고양시,,20210724,135
20210182,경기도,남양주시,,20210730,136
20210183,울산광역시,울주군,,20210811,137
20210184,광주광역시,서구,,20210830,138
20210185,경기도,고양시,,20210906,139
20220002,전북특별자치도,군산시,,20210825,140
20220003,전북특별자치도,군산시,,20210827,141
20220007,인천광역시,미추홀구,,20210910,142
20220005,서울특별시,은평구,,20220110,1
20220008,서울특별시,강서구,,20220123,2
20220009,서울특별시,종로구,,20220123,3
20220010,전라남도,영광군,,20220130,4
20220011,광주광역시,서구,,20220303,5
20220014,울산광역시,중구,,20220311,6
20220015,강원특별자치도,양양군,,20220506,7
20220017,경기도,고양시 일산동구,,20220531,8
20220018,세종특별자치시,세종특별자치시,,20220531,9
20220019,경기도,고양시 일산동구,,20220606,10
20220020,경기도,고양시 일산동구,,20220609,11
20220021,대구광역시,북구,,20220615,12
20220022,서울특별시,동대문구,,20220623,13
20220023,대구광역시,남구,,20220624,14
20220024,서울특별시,성북구,,20220623,15
20220025,서울특별시,동대문구,,20220624,16
20220026,서울특별시,관악구,,20220629,17
20220027,서울특별시,송파구,,20220701,18
20220028,서울특별시,종로구,,20220629,19
20220029,경기도,성남시 중원구,,20220701,20
20220030,경기도,양주시,,20220704,21
20220031,서울특별시,영등포구,,20220706,22
20220032,경기도,부천시,,20220702,23
20220033,전라남도,목포시,,20220413,24
20220034,경기도,안산시 단원구,,20220605,25
20220036,서울특별시,강동구,,20220710,26
20220037,경상남도,창원시 진해구,,20220612,27
20220038,대전광역시,서구,,20220310,28
20220039,대전광역시,서구,,20220428,29
20220040,대전광역시,서구,,20220505,30
20220041,경상북도,예천군,,20220401,31
20220042,부산광역시,북구,,20220120,32
20220044,강원특별자치도,원주시,,20220622,33
20220046,대전광역시,서구,,20220628,34
20220047,충청남도,홍성군,,20220716,35
20220053,울산광역시,중구,,20220413,36
20220054,울산광역시,중구,,20220603,37
20220055,부산광역시,서구,,20220104,38
20220056,제주특별자치도,제주시,,20220719,39
20220057,경기도,안양시 만안구,,20220701,40
20220058,경기도,화성시,,20220413,41
20220059,경기도,화성시,,20220427,42
20220060,경기도,화성시,,20220526,43
20220061,경기도,화성시,,20220606,44
20220062,경상남도,사천시,,20220719,45
20220063,전북특별자치도,군산시,,20220630,46
20220064,강원특별자치도,양양군,,20220803,47
20220067,강원특별자치도,춘천시,,20220624,48
20220068,경기도,양주시,,20220806,49
20220069,전북특별자치도,익산시,,20220120,50
20220071,전북특별자치도,익산시,,20220329,51
20220072,전북특별자치도,익산시,,20220408,52
20220073,전북특별자치도,익산시,,20220423,53
20220074,전북특별자치도,익산시,,20220531,54
20220075,전북특별자치도,익산시,,20220323,55
20220076,전북특별자치도,전주시 완산구,,20220309,56
20220077,경기도,고양시 덕양구,,20220803,57
20220078,전북특별자치도,전주시 완산구,,20220420,58
20220079,전북특별자치도,전주시 완산구,,20220510,59
20220080,전북특별자치도,전주시 완산구,,20220610,60
20220081,전북특별자치도,전주시 완산구,,20220624,61
20220082,전북특별자치도,전주시 완산구,,20220510,62
20220083,전북특별자치도,전주시 덕진구,,20220621,63
20220084,강원특별자치도,춘천시,,20220808,64
20220085,서울특별시,영등포구,,20220809,65
20220086,부산광역시,금정구,,20220625,66
20220087,서울특별시,동작구,,20220809,67
20220088,서울특별시,강남구,,20220809,68
20220089,충청북도,음성군,,20220310,69
20220090,충청북도,음성군,,20220523,70
20220091,충청북도,음성군,,20220603,71
20220092,광주광역시,광산구,,20220518,72
20220093,경기도,부천시,,20220809,73
20220094,대전광역시,중구,,20220520,74
20220096,대전광역시,중구,,20220512,75
20220097,강원특별자치도,양양군,,20220809,76
20220098,충청남도,당진시,,20220811,77
20220099,경상남도,합천군,,20220809,78
20220100,경기도,과천시,,20220808,79
20220101,경기도,성남시 분당구,,20220809,80
20220102,경기도,안산시 단원구,,20220811,81
20220104,경기도,고양시 일산동구,,20220816,82
20220105,강원특별자치도,속초시,,20220813,83
20220106,강원특별자치도,삼척시,,20220812,84
20220107,경상북도,봉화군,,20220211,85
20220108,광주광역시,남구,,20220427,86
20220109,충청북도,제천시,,20220625,87
20220110,충청북도,제천시,,20220524,88
20220111,충청북도,제천시,,20220623,89
20220112,대전광역시,서구,,20220812,90
20220113,경기도,고양시 덕양구,,20220821,91
20220114,서울특별시,관악구,,20220813,92
20220117,경기도,오산시,,20220809,93
20220118,충청북도,청주시 상당구,,20220811,94
20220119,제주특별자치도,제주시,,20220820,95
20220120,서울특별시,양천구,,20220808,96
20220121,강원특별자치도,양양군,,20220824,97
20220122,경상북도,포항시 남구,,20220825,98
20220124,경기도,의정부시,,20220831,99
20220125,경기도,오산시,,20220815,100
20220126,경상북도,포항시 남구,,20220906,101
20220127,경상북도,포항시 남구,,20220906,102
20220128,경기도,안성시,,20220907,103
20220129,전라남도,영광군,,20220908,104
20220130,제주특별자치도,제주시,,20220926,105
20220131,서울특별시,마포구,,20221003,106
20220132,경기도,고양시 일산동구,,20221005,107
20220133,충청북도,청주시 서원구,,20221015,108
20220135,전라남도,여수시,,20221102,109
20220136,서울특별시,서초구,,20221119,110
20220137,충청남도,보령시,,20221130,111
20220138,서울특별시,구로구,,20221208,112
20220139,서울특별시,강동구,,20221231,113
20220140,경기도,안양시 만안구,,20220810,114
20220141,대전광역시,서구,,20221114,115
20220142,대전광역시,서구,,20220913,116
20220143,전북특별자치도,군산시,,20220815,117
20220144,경기도,성남시 분당구,,20221224,118
20220146,인천광역시,부평구,,20220720,119
20220147,부산광역시,동래구,,20220711,120
20220148,경기도,부천시,,20220831,121
20220149,경기도,화성시,,20221201,122
20220150,경기도,화성시,,20221201,123
20220151,경기도,화성시,,20221115,124
20220152,경기도,화성시,,20221118,125
20220153,경기도,화성시,,20221012,126
20220154,경기도,화성시,,20220914,127
20220155,경기도,이천시,,20220816,128
20220156,경기도,이천시,,20220826,129
20220157,강원특별자치도,철원군,,20220918,130
20220158,광주광역시,광산구,,20220804,131
20220159,광주광역시,광산구,,20220804,132
20220160,부산광역시,부산진구,,20220902,133
20220161,부산광역시,연제구,,20221126,134
20220162,부산광역시,사하구,,20220704,135
20220163,부산광역시,사하구,,20220928,136
20220164,경상남도,창원시 마산회원구,,20220907,137
20220165,전북특별자치도,전주시 완산구,,20220701,138
20220166,전북특별자치도,전주시 완산구,,20220712,139
20220167,충청북도,제천시,,20220702,140
20220168,경상북도,구미시,,20220901,141
20220169,경상북도,구미시,,20220906,142
20220170,경상북도,구미시,,20220912,143
20220171,경상북도,구미시,,20220921,144
20220172,경상북도,구미시,,20220928,145
20220173,경상북도,구미시,,20221012,146
20220174,경상북도,구미시,,20221103,147
20220175,경상북도,구미시,,20221128,148
20220176,경상북도,구미시,,20221226,149
20220177,경상북도,구미시,,20221229,150
20220178,광주광역시,남구,,20221207,151
20220179,전북특별자치도,전주시 완산구,,20220713,152
20220180,전북특별자치도,전주시 완산구,,20220725,153
20220181,전북특별자치도,전주시 완산구,,20220726,154
20220182,전북특별자치도,전주시 완산구,,20220729,155
20220183,전북특별자치도,전주시 덕진구,,20220802,156
20220184,전북특별자치도,전주시 덕진구,,20220803,157
20220185,전북특별자치도,전주시 완산구,,20220813,158
20220186,전북특별자치도,전주시 완산구,,20220815,159
20220187,전북특별자치도,전주시 완산구,,20220815,160
20220188,전북특별자치도,전주시 완산구,,20220815,161
20220189,전북특별자치도,전주시 완산구,,20220816,162
20220190,전북특별자치도,전주시 완산구,,20220818,163
20220191,전북특별자치도,전주시 덕진구,,20220818,164
20220192,전북특별자치도,전주시 완산구,,20220819,165
20220193,전북특별자치도,전주시 덕진구,,20220826,166
20220194,전북특별자치도,전주시 완산구,,20220827,167
20220195,전북특별자치도,전주시 완산구,,20220827,168
20220196,전북특별자치도,전주시 덕진구,,20220830,169
20220197,전북특별자치도,전주시 완산구,,20220831,170
20220198,전북특별자치도,전주시 덕진구,,20220908,171
20220199,전북특별자치도,전주시 완산구,,20221105,172
20220200,전북특별자치도,전주시 덕진구,,20221211,173
20220201,전라남도,무안군,,20221128,174
20220202,전북특별자치도,전주시 완산구,,20220816,175
20220203,충청남도,천안시 서북구,,20220817,176
20230006,경상북도,구미시,,20220902,177
20230001,부산광역시,사상구,,20230105,1
20230002,전북특별자치도,김제시,,20230102,2
20230003,서울특별시,도봉구,,20230113,3
20230004,경상남도,창원시 진해구,,20230113,4
20230005,경기도,시흥시,,20230126,5
20230007,강원특별자치도,속초시,,20230211,6
20230008,전라남도,무안군,,20230203,7
20230009,서울특별시,서초구,,20230217,8
20230010,강원특별자치도,강릉시,,20230227,9
20230011,경상북도,경산시,,20230305,10
20230012,서울특별시,용산구,,20230307,11
20230013,서울특별시,중구,,20230311,12
20230014,경기도,시흥시,,20230315,13
20230015,부산광역시,사상구,,20230324,14
20230016,서울특별시,은평구,,20230331,15
20230017,경기도,고양시 일산서구,,20230404,16
20230018,강원특별자치도,속초시,,20230331,17
20230019,강원특별자치도,춘천시,,20230404,18
20230021,부산광역시,사하구,,20230411,19
20230022,서울특별시,서대문구,,20230406,20
20230023,서울특별시,송파구,,20230412,21
20230025,강원특별자치도,속초시,,20230504,22
20230026,서울특별시,중랑구,,20230506,23
20230028,경기도,포천시,,20230509,24
20230029,대구광역시,북구,,20230510,25
20230030,경기도,부천시,,20230508,26
20230031,경기도,군포시,,20230520,27
20230032,경기도,고양시 일산서구,,20230531,28
20230033,경기도,수원시 권선구,,20230526,29
20230034,경기도,고양시 덕양구,,20230531,30
20230035,충청북도,청주시 흥덕구,,20230606,31
20230036,경기도,부천시,,20230520,32
20230037,서울특별시,중랑구,,20230611,33
20230038,경기도,시흥시,,20230613,34
20230039,경기도,시흥시,,20230618,35
20230040,경상남도,합천군,,20230623,36
20230041,서울특별시,구로구,,20230626,37
20230043,경기도,화성시,,20230626,38
20230044,강원특별자치도,속초시,,20230628,39
20230045,광주광역시,북구,,20230628,40
20230046,광주광역시,동구,,20230627,41
20230047,광주광역시,동구,,20230627,42
20230049,경상북도,칠곡군,,20230619,43
20230050,경상북도,경주시,,20230519,44
20230051,경상북도,경주시,,20230626,45
20230052,경상북도,구미시,,20230309,46
20230053,경상북도,구미시,,20230414,47
20230054,경상북도,구미시,,20230314,48
20230055,강원특별자치도,춘천시,,20230629,49
20230056,전북특별자치도,군산시,,20230601,50
20230057,전북특별자치도,군산시,,20230619,51
20230059,대전광역시,서구,,20230217,52
20230060,대전광역시,서구,,20230502,53
20230061,대전광역시,서구,,20230504,54
20230062,대전광역시,서구,,20230512,55
20230063,대전광역시,서구,,20230619,56
20230064,서울특별시,도봉구,,20230612,57
20230065,경상남도,진주시,,20230427,58
20230066,충청북도,충주시,,20230610,59
20230067,강원특별자치도,강릉시,,20230709,60
20230068,경상남도,사천시,,20230412,61
20230069,서울특별시,노원구,,20230712,62
20230070,경기도,안산시 단원구,,20230609,63
20230071,광주광역시,동구,,20230627,64
20230072,강원특별자치도,원주시,,20230711,65
20230073,경기도,이천시,,20230626,66
20230076,경기도,이천시,,20230628,67
20230077,경기도,이천시,,20230630,68
20230078,경기도,이천시,,20230510,69
20230079,경기도,이천시,,20230630,70
20230080,경기도,화성시,,20230117,71
20230081,대구광역시,달성군,,20230516,72
20230082,대구광역시,달성군,,20230531,73
20230083,강원특별자치도,고성군,,20230322,74
20230084,강원특별자치도,고성군,,20230419,75
20230085,강원특별자치도,영월군,,20230109,76
20230086,강원특별자치도,영월군,,20230125,77
20230087,강원특별자치도,영월군,,20230317,78
20230088,광주광역시,광산구,,20230424,79
20230089,광주광역시,광산구,,20230518,80
20230090,광주광역시,광산구,,20230630,81
20230092,대구광역시,북구,,20230716,82
20230093,부산광역시,남구,,20230717,83
20230094,광주광역시,북구,,20230118,84
20230096,광주광역시,동구,,20230505,85
20230097,광주광역시,서구,,20230513,86
20230098,광주광역시,광산구,,20230520,87
20230099,광주광역시,동구,,20230613,88
20230100,광주광역시,광산구,,20230617,89
20230101,광주광역시,북구,,20230630,90
20230102,서울특별시,송파구,,20230719,91
20230103,부산광역시,부산진구,,20230519,92
20230104,부산광역시,부산진구,,20230611,93
20230105,부산광역시,북구,,20230719,94
20230106,전라남도,완도군,,20230615,95
20230107,경상남도,창원시 의창구,,20230720,96
20230108,경기도,포천시,,20230723,97
20230109,광주광역시,북구,,20230628,98
20230110,광주광역시,서구,,20230420,99
20230111,서울특별시,송파구,,20230726,100
20230112,인천광역시,연수구,,20230713,101
20230113,경상남도,양산시,,20230725,102
20230114,강원특별자치도,속초시,,20230731,103
20230115,제주특별자치도,제주시,,20230726,104
20230116,광주광역시,광산구,,20230725,105
20230117,부산광역시,강서구,,20230801,106
20230118,서울특별시,성북구,,20230806,107
20230119,서울특별시,강남구,,20230811,108
20230121,경기도,안산시 단원구,,20230813,109
20230122,충청북도,보은군,,20230717,110
20230123,경기도,파주시,,20230824,111
20230124,경기도,의정부시,,20230824,112
20230126,제주특별자치도,제주시,,20230819,113
20230127,경상북도,경주시,,20230831,114
20230128,경상남도,진주시,,20230904,115
20230129,서울특별시,서초구,,20230911,116
20230131,경상남도,진주시,,20230917,117
20230132,경상남도,사천시,,20230918,118
20230133,서울특별시,강남구,,20230912,119
20230134,전라남도,광양시,,20230919,120
20230135,경기도,성남시 수정구,,20230921,121
20230136,서울특별시,송파구,,20231011,122
20230137,광주광역시,남구,,20230302,123
20230138,광주광역시,서구,,20230314,124
20230139,광주광역시,남구,,20230504,125
20230140,서울특별시,영등포구,,20231025,126
20230141,강원특별자치도,강릉시,,20231030,127
20230142,서울특별시,강서구,,20231103,128
20230143,광주광역시,동구,,20230821,129
20230144,부산광역시,북구,,20230810,130
20230145,부산광역시,북구,,20230810,131
20230147,서울특별시,강남구,,20231208,132
20230148,광주광역시,북구,,20230721,133
20230149,광주광역시,광산구,,20230725,134
20230150,광주광역시,광산구,,20230725,135
20230151,광주광역시,북구,,20230815,136
20230152,광주광역시,동구,,20231012,137
20230153,부산광역시,부산진구,,20230831,138
20230154,부산광역시,북구,,20230824,139
20230155,전라남도,순천시,,20230712,140
20230156,대전광역시,서구,,20230722,141
20230157,대전광역시,서구,,20230802,142
20230158,강원특별자치도,횡성군,,20230820,143
20230159,강원특별자치도,횡성군,,20230615,144
20230161,대전광역시,중구,,20230703,145
20230162,대전광역시,중구,,20230814,146
20230163,경기도,화성시,,20230814,147
20230164,충청북도,음성군,,20230824,148
20230165,충청북도,제천시,,20230703,149
20230166,충청북도,제천시,,20230808,150
20230167,충청북도,제천시,,20230818,151
20230168,충청북도,제천시,,20231019,152
20230169,광주광역시,서구,,20230718,153
20230170,광주광역시,남구,,20230821,154
20230171,부산광역시,사상구,,20230812,155
20230172,부산광역시,사상구,,20230830,156
20230173,부산광역시,동래구,,20231227,157
20230174,부산광역시,금정구,,20230919,158
20230175,인천광역시,서구,,20231019,159
20230176,제주특별자치도,제주시,,20231122,160
20230177,인천광역시,옹진군,,20230210,161
20240004,충청북도,청주시 청원구,,20230717,162
20240005,충청북도,청주시 청원구,,20231214,163
20210186,경기도,남양주시,,20240419,1
20220204,경기도,남양주시,,20240419,2
20240001,서울특별시,성북구,,20240103,3
20240002,강원특별자치도,고성군,,20240105,4
20240003,강원특별자치도,고성군,,20240108,5
20240006,경기도,용인시 기흥구,,20240110,6
20240007,서울특별시,강남구,,20240116,7
20240009,경기도,파주시,,20240203,8
20240010,경기도,남양주시,,20240206,9
20240011,서울특별시,성북구,,20240223,10
20240012,경기도,남양주시,,20240304,11
20240013,부산광역시,남구,,20240314,12
20240015,전라남도,광양시,,20240417,13
20240016,부산광역시,북구,,20240419,14
20240017,부산광역시,사상구,,20240430,15
20240018,서울특별시,강남구,,20240501,16
20240019,부산광역시,연제구,,20240507,17
20240020,부산광역시,사상구,,20240505,18
20240021,경상남도,진주시,,20240514,19
20240022,전라남도,화순군,,20240514,20
20240023,부산광역시,서구,,20240529,21
20240024,경기도,용인시 처인구,,20240616,22
20240025,경기도,평택시,,20240624,23
20240026,인천광역시,연수구,,20240620,24
20240027,인천광역시,연수구,,20240630,25
20240029,경기도,수원시 팔달구,,20240711,26
20240030,서울특별시,마포구,,20240713,27
20240031,광주광역시,서구,,20240208,28
20240032,광주광역시,서구,,20240627,29
20240033,경기도,평택시,,20240513,30
20240034,경기도,평택시,,20240409,31
20240035,대전광역시,중구,,20240411,32
20240036,대전광역시,중구,,20240516,33
20240037,대전광역시,중구,,20240527,34
20240038,대전광역시,중구,,20240306,35
20240041,경기도,남양주시,,20240716,36
20240042,세종특별자치시,세종특별자치시,,20240423,37
20240043,세종특별자치시,세종특별자치시,,20240529,38
20240044,세종특별자치시,세종특별자치시,,20240716,39
20240045,경기도,용인시 수지구,,20240718,40
20240046,광주광역시,북구,,20240412,41
20240047,제주특별자치도,제주시,,20240528,42
20240050,경기도,의정부시,,20240402,43
20240051,경기도,의정부시,,20240501,44
20240052,서울특별시,송파구,,20240722,45
20240053,대구광역시,군위군,,20240711,46
20240054,부산광역시,사하구,,20240425,47
20240055,대구광역시,북구,,20240723,48
20240056,경상남도,진주시,,20240723,49
20240057,경기도,남양주시,,20240723,50
20240058,경기도,고양시 일산서구,,20240723,51
20240059,부산광역시,사상구,,20240724,52
20240061,부산광역시,북구,,20240128,53
20240062,경상북도,경주시,,20240722,54
20240063,경기도,평택시,,20240725,55
20240064,부산광역시,서구,,20240725,56
20240065,서울특별시,성북구,,20240727,57
20240066,부산광역시,영도구,,20240728,58
20240067,경기도,군포시,,20240801,59
20240068,부산광역시,동래구,,20240703,60
20240069,부산광역시,동래구,,20240509,61
20240070,경기도,평택시,,20240731,62
20240072,경기도,용인시 기흥구,,20240725,63
20240073,전라남도,완도군,,20240426,64
20240074,부산광역시,사상구,,20240820,65
20240075,부산광역시,사상구,,20240821,66
20240076,경상남도,창원시 마산합포구,,20240818,67
20240077,서울특별시,서대문구,,20240829,68
20240078,서울특별시,송파구,,20240828,69
20240079,서울특별시,서대문구,,20240830,70
20240080,대구광역시,동구,,20240831,71
20240081,서울특별시,강남구,,20240831,72
20240082,서울특별시,구로구,,20240901,73
20240083,서울특별시,노원구,,20240222,74
20240085,서울특별시,종로구,,20240908,75
20240086,부산광역시,영도구,,20240910,76
20240087,부산광역시,사상구,,20240731,77
20240088,서울특별시,성동구,,20240913,78
20240094,전북특별자치도,군산시,,20240917,79
20240095,부산광역시,사상구,,20240921,80
20240096,부산광역시,사상구,,20240921,81
20240097,경기도,파주시,,20240719,82
20240098,경기도,파주시,,20240720,83
20240099,경기도,파주시,,20240730,84
20240100,경기도,파주시,,20240820,85
20240101,경기도,파주시,,20240909,86
20240102,전북특별자치도,전주시 완산구,,20240924,87
20240103,인천광역시,부평구,,20241004,88
20240104,광주광역시,광산구,,20241015,89
20240105,경기도,파주시,,20241111,90
20240107,서울특별시,동대문구,,20241107,91
20240108,서울특별시,노원구,,20241026,92
20240109,경기도,의정부시,,20240718,93
20240110,경상북도,구미시,,20241223,94
20240111,광주광역시,북구,,20241007,95
20240112,광주광역시,남구,,20240720,96
20240113,충청북도,옥천군,,20240601,97
20240114,전라남도,순천시,,20241020,98
20240116,충청남도,홍성군,,20240904,99
20240118,충청남도,아산시,,20240706,100
20240123,인천광역시,서구,,20240513,101
20240124,인천광역시,서구,,20240821,102
20240125,인천광역시,서구,,20240909,103
20240126,인천광역시,서구,,20241108,104
20250001,충청북도,청주시 서원구,,20240816,105
20250004,서울특별시,서대문구,,20250116,1
20250005,경기도,남양주시,,20250115,2
20250007,강원특별자치도,강릉시,,20250211,3
20250008,부산광역시,동구,,20250207,4
20250009,전북특별자치도,군산시,,20250110,5
20250010,서울특별시,서대문구,,20250305,6
20250011,전북특별자치도,군산시,,20250227,7
20250012,서울특별시,강북구,,20250116,8
20250013,경기도,남양주시,,20250307,9
20250014,서울특별시,송파구,,20250305,10
20250015,전북특별자치도,군산시,,20250122,11
20250016,서울특별시,강동구,,20250324,12
20250018,서울특별시,강서구,,20250117,13
20250019,전북특별자치도,군산시,,20250401,14
20250020,경기도,안산시 상록구,,20250401,15
20250023,충청남도,서천군,,20250331,16
20250024,서울특별시,송파구,,20250328,17
20250025,부산광역시,해운대구,,20250204,18
20250026,경기도,양주시,,20250410,19
20250027,대전광역시,서구,,20250411,20
20250029,부산광역시,사상구,,20250413,21
20250030,강원특별자치도,강릉시,,20250413,22
20250031,경기도,군포시,,20250416,23
20250032,인천광역시,부평구,,20250415,24
20250033,서울특별시,성북구,,20250417,25
20250034,광주광역시,동구,,20250415,26
20250035,대전광역시,서구,,20250421,27
20250036,경상북도,문경시,,20250421,28
20250037,경상북도,문경시,,20250421,29
20250038,경기도,수원시 장안구,,20250407,30
20250039,서울특별시,중랑구,,20250423,31
20250040,전북특별자치도,군산시,,20250427,32
20250041,경기도,성남시 중원구,,20250428,33
20250042,서울특별시,강북구,,20250419,34
20250043,서울특별시,동작구,,20250420,35
20250045,서울특별시,강남구,,20250427,36
20250046,서울특별시,강남구,,20250426,37
20250047,경상남도,김해시,,20250512,38
20250048,경상남도,김해시,,20250513,39
20250049,서울특별시,강남구,,20250512,40
20250050,충청남도,금산군,,20250513,41
20250051,경기도,남양주시,,20250513,42
20250052,부산광역시,강서구,,20250513,43
20250053,서울특별시,동대문구,,20250516,44
20250054,경상남도,진주시,,20250520,45
20250055,경기도,하남시,,20250418,46
20250056,서울특별시,서초구,,20250507,47
20250057,서울특별시,서초구,,20250517,48
20250058,충청남도,천안시 서북구,,20250527,49
20250059,서울특별시,동작구,,20250529,50
20250060,서울특별시,강동구,,20250430,51
20250061,경기도,남양주시,,20250527,52
20250062,서울특별시,관악구,,20250601,53
20250063,경기도,안성시,,20250529,54
20250065,전북특별자치도,전주시 완산구,,20250615,55
20250066,인천광역시,연수구,,20250516,56
20250067,서울특별시,강남구,,20250508,57
20250068,경기도,고양시 일산서구,,20250620,58
20250069,경기도,오산시,,20250620,59
20250070,전북특별자치도,남원시,,20250621,60
20250071,전북특별자치도,군산시,,20250625,61
20250072,인천광역시,계양구,,20250618,62
20250073,인천광역시,계양구,,20250622,63
20250074,부산광역시,기장군,,20250630,64
20250075,경기도,남양주시,,20250702,65
20250076,충청북도,청주시 서원구,,20250627,66
20250077,충청북도,음성군,,20250323,67
20250079,경상북도,포항시 남구,,20250702,68
20250080,인천광역시,미추홀구,,20250507,69
20250081,전북특별자치도,군산시,,20250701,70
20250082,전북특별자치도,전주시 덕진구,,20250622,71
20250083,경기도,평택시,,20250710,72
20250084,인천광역시,서구,,20250707,73
20250085,인천광역시,연수구,,20250710,74
20250086,부산광역시,해운대구,,20250711,75
20250087,충청남도,천안시 서북구,,20250711,76
20250088,서울특별시,강남구,,20250711,77
20250089,부산광역시,사상구,,20250714,78
20250091,부산광역시,수영구,,20250409,79
20250092,부산광역시,수영구,,20250619,80
20250093,충청남도,논산시,,20250718,81
20250094,경상북도,포항시 북구,,20250630,82
20250095,충청남도,당진시,,20250719,83
20250096,충청남도,천안시 서북구,,20250717,84
20250097,충청남도,천안시 동남구,,20250717,85
20250098,충청남도,천안시 서북구,,20250717,86
20250099,광주광역시,동구,,20250717,87
20250100,경기도,남양주시,,20250721,88
20250101,충청남도,아산시,,20250721,89
20250102,강원특별자치도,속초시,,20250521,90
20250103,전북특별자치도,군산시,,20250718,91
20250104,경상남도,함안군,,20250723,92
20250106,대구광역시,달성군,,20250724,93
20250107,서울특별시,성북구,,20250724,94
20250108,경기도,수원시 영통구,,20250726,95
20250109,경기도,이천시,,20250726,96
20250110,서울특별시,중구,,20250726,97
20250111,서울특별시,동대문구,,20250723,98
20250112,서울특별시,동대문구,,20250723,99
20250113,서울특별시,노원구,,20250719,100
20250114,충청남도,아산시,,20250727,101
20250116,경기도,평택시,,20250731,102
20250117,인천광역시,서구,,20250724,103
20250118,대구광역시,달서구,,20250801,104
20250119,충청남도,아산시,,20250728,105
20250120,충청남도,아산시,,20250801,106
20250121,경기도,남양주시,,20250729,107
20250122,전라남도,목포시,,20250614,108
20250123,서울특별시,송파구,,20250805,109
20250124,전북특별자치도,군산시,,20250806,110
20250125,서울특별시,동대문구,,20250807,111
20250126,충청북도,충주시,,20250806,112
20250127,울산광역시,남구,,20250808,113
20250128,부산광역시,북구,,20250811,114
20250129,광주광역시,서구,,20250811,115
20250130,서울특별시,성동구,,20250810,116
20250131,경기도,평택시,,20250810,117
20250132,부산광역시,북구,,20250713,118
20250133,부산광역시,북구,,20250728,119
20250134,광주광역시,남구,,20250717,120
20250135,광주광역시,서구,,20250718,121
20250136,광주광역시,남구,,20250718,122
20250137,광주광역시,남구,,20250720,123
20250138,광주광역시,서구,,20250720,124
20250139,광주광역시,북구,,20250717,125
20250140,광주광역시,북구,,20250717,126
20250141,광주광역시,북구,,20250717,127
20250142,광주광역시,북구,,20250720,128
20250144,광주광역시,북구,,20250720,129
20250145,광주광역시,동구,,20250810,130
20250146,경기도,고양시 덕양구,,20250814,131
20250147,서울특별시,은평구,,20250814,132
20250148,서울특별시,강북구,,20250813,133
20250149,충청남도,천안시 서북구,,20250816,134
20250150,인천광역시,서구,,20250813,135
20250152,광주광역시,남구,,20250820,136
20250153,충청남도,아산시,,20250820,137
20250154,서울특별시,송파구,,20250821,138
20250155,서울특별시,은평구,,20250819,139
20250156,부산광역시,사상구,,20250812,140
20250157,인천광역시,강화군,,20250822,141
20250158,서울특별시,성북구,,20250825,142
20250159,서울특별시,성북구,,20250830,143
20250160,서울특별시,영등포구,,20250901,144
20250161,경기도,평택시,,20250901,145
20250162,서울특별시,종로구,,20250831,146
20250163,전북특별자치도,전주시 완산구,,20250907,147
20250164,대구광역시,달성군,,20250910,148
20250165,제주특별자치도,제주시,,20250915,149
20250166,인천광역시,서구,,20250721,150
20250167,인천광역시,서구,,20250818,151
20250168,인천광역시,서구,,20250813,152
20250169,경기도,남양주시,,20250917,153
20250170,전북특별자치도,전주시 덕진구,,20250906,154
20250171,강원특별자치도,춘천시,,20250924,155
20250172,울산광역시,남구,,20250926,156
20250173,서울특별시,마포구,,20250925,157
20250174,경상남도,의령군,,20250930,158
20250175,서울특별시,마포구,,20250930,159
20250176,서울특별시,강서구,,20251018,160
20250177,충청북도,진천군,,20251004,161
20250178,부산광역시,서구,,20251027,162
20250179,전북특별자치도,군산시,,20251019,163
20250180,강원특별자치도,정선군,,20251027,164
20250181,인천광역시,계양구,,20250903,165
20250182,인천광역시,계양구,,20250825,166
20250183,충청남도,아산시,,20251117,167
20250184,경기도,성남시 수정구,,20251111,168
20250185,충청북도,청주시 흥덕구,,20251119,169
20250186,충청남도,아산시,,20251117,170
20250188,인천광역시,계양구,,20251128,171
20250189,광주광역시,광산구,,20250712,172
20250190,충청남도,아산시,,20251211,173
20250191,충청남도,아산시,,20251212,174
20250193,서울특별시,영등포구,,20251230,175
20250194,인천광역시,서구,,20251228,176
20250195,인천광역시,서구,,20251001,177
20250196,경상남도,창원시 마산합포구,,20250610,178
20250197,인천광역시,서구,,20251128,179
20250198,인천광역시,서구,,20250722,180
20250199,인천광역시,서구,,20250522,181
20250200,인천광역시,서구,,20250306,182
20260002,충청남도,아산시,,20260115,1
20260003,서울특별시,노원구,,20260205,2
20260007,인천광역시,서구,,20260221,3
20260008,서울특별시,강서구,,20260225,4
20260009,경기도,가평군,,20260226,5
20260010,광주광역시,광산구,,20260303,6
20260011,경기도,부천시,,20260303,7
20260013,경기도,평택시,,20260305,8
20260014,강원특별자치도,영월군,,20260306,9
20260015,제주특별자치도,제주시,,20260225,10
20260016,서울특별시,중랑구,,20260309,11
20260019,서울특별시,마포구,,20260310,12
20260020,세종특별자치시,세종특별자치시,,20260323,13
20260021,울산광역시,북구,,20260323,14
20260022,서울특별시,양천구,,20260325,15
20260024,인천광역시,서구,,20260409,16
20260025,대전광역시,서구,,20260409,17
20260026,부산광역시,사상구,,20260405,18
20260027,경기도,이천시,,20260506,19
20260028,경기도,남양주시,,20260508,20
20260029,경기도,여주시,,20260518,21
20260030,경기도,부천시,,20260519,22
20260031,세종특별자치시,세종특별자치시,,20260521,23
20260032,인천광역시,서구,,20260313,24
20260033,인천광역시,서구,,20260424,25
20260034,광주광역시,서구,,20260302,26
20260035,광주광역시,서구,,20260518,27
20260036,광주광역시,서구,,20260331,28
20260037,서울특별시,동작구,,20260528,29
20260038,경기도,의정부시,,20260529,30
20260039,경기도,고양시 일산서구,,20260531,31
20260040,인천광역시,서구,,20260529,32
20260041,서울특별시,마포구,,20260424,33
20260042,광주광역시,동구,,20260612,34
20260043,강원특별자치도,춘천시,,20260613,35
20260045,충청남도,아산시,,20260616,36
20260046,전북특별자치도,군산시,,20260617,37
20260047,경기도,구리시,,20260621,38
20260048,서울특별시,성동구,,20260622,39
20260049,제주특별자치도,제주시,,20260622,40
20260050,경기도,수원시 팔달구,,20260624,41
20260051,경기도,군포시,,20260630,42
20260053,경기도,성남시 분당구,,20260630,43
20260054,서울특별시,강동구,,20260701,44
20260055,경기도,남양주시,,20260701,45
20260056,충청남도,아산시,,20260708,46
20260057,세종특별자치시,세종특별자치시,,20260713,47
20260058,서울특별시,중랑구,,20260715,48
20260059,전북특별자치도,군산시,,20260714,49
20260060,서울특별시,노원구,,20260719,50
20260061,인천광역시,연수구,,20260715,51
20260062,강원특별자치도,춘천시,,20260720,52
20260063,인천광역시,계양구,,20260721,53
20260065,서울특별시,성동구,,20260731,54
20260067,서울특별시,마포구,,20260801,55
20260068,경상남도,진주시,,20260818,56
20260069,서울특별시,강북구,,20260812,57
20260070,인천광역시,연수구,,20260807,58
20260071,세종특별자치시,세종특별자치시,,20260822,59
20260072,경상남도,하동군,,20260821,60
20260073,전남광주통합특별시,여수시,,20260823,61
20260074,부산광역시,수영구,,20260827,62
20260075,부산광역시,수영구,,20260827,63
